,hotel,is_canceled,lead_time,arrival_date_year,arrival_date_month,arrival_date_week_number,arrival_date_day_of_month,stays_in_weekend_nights,stays_in_week_nights,adults,children,babies,meal,country,market_segment,distribution_channel,is_repeated_guest,previous_cancellations,previous_bookings_not_canceled,reserved_room_type,assigned_room_type,booking_changes,deposit_type,agent,company,days_in_waiting_list,customer_type,adr,required_car_parking_spaces,total_of_special_requests,reservation_status,reservation_status_date,arrival_month_num,arrival_date,total_nights,total_guests,has_children,has_agent,has_company,adr_per_person,lead_time_band,stay_length_band,guest_mix
0,Resort Hotel,0,342,2015,July,27,1,0,0,2,0.0,0,BB,PRT,Direct,Direct,0,0,0,C,C,3,No Deposit,0.0,0.0,0,Transient,0.0,0,0,Check-Out,2015-07-01,7,2015-07-01,0,2.0,0,0,0,0.0,181+ days,0-1 nights,couple
1,Resort Hotel,0,737,2015,July,27,1,0,0,2,0.0,0,BB,PRT,Direct,Direct,0,0,0,C,C,4,No Deposit,0.0,0.0,0,Transient,0.0,0,0,Check-Out,2015-07-01,7,2015-07-01,0,2.0,0,0,0,0.0,181+ days,0-1 nights,couple
2,Resort Hotel,0,7,2015,July,27,1,0,1,1,0.0,0,BB,GBR,Direct,Direct,0,0,0,A,C,0,No Deposit,0.0,0.0,0,Transient,75.0,0,0,Check-Out,2015-07-02,7,2015-07-01,1,1.0,0,0,0,75.0,0-7 days,0-1 nights,solo
3,Resort Hotel,0,13,2015,July,27,1,0,1,1,0.0,0,BB,GBR,Corporate,Corporate,0,0,0,A,A,0,No Deposit,304.0,0.0,0,Transient,75.0,0,0,Check-Out,2015-07-02,7,2015-07-01,1,1.0,0,1,0,75.0,8-30 days,0-1 nights,solo
4,Resort Hotel,0,14,2015,July,27,1,0,2,2,0.0,0,BB,GBR,Online TA,TA/TO,0,0,0,A,A,0,No Deposit,240.0,0.0,0,Transient,98.0,0,1,Check-Out,2015-07-03,7,2015-07-01,2,2.0,0,1,0,49.0,8-30 days,2-3 nights,couple
5,Resort Hotel,0,14,2015,July,27,1,0,2,2,0.0,0,BB,GBR,Online TA,TA/TO,0,0,0,A,A,0,No Deposit,240.0,0.0,0,Transient,98.0,0,1,Check-Out,2015-07-03,7,2015-07-01,2,2.0,0,1,0,49.0,8-30 days,2-3 nights,couple
6,Resort Hotel,0,0,2015,July,27,1,0,2,2,0.0,0,BB,PRT,Direct,Direct,0,0,0,C,C,0,No Deposit,0.0,0.0,0,Transient,107.0,0,0,Check-Out,2015-07-03,7,2015-07-01,2,2.0,0,0,0,53.5,0-7 days,2-3 nights,couple
7,Resort Hotel,0,9,2015,July,27,1,0,2,2,0.0,0,FB,PRT,Direct,Direct,0,0,0,C,C,0,No Deposit,303.0,0.0,0,Transient,103.0,0,1,Check-Out,2015-07-03,7,2015-07-01,2,2.0,0,1,0,51.5,8-30 days,2-3 nights,couple
8,Resort Hotel,1,85,2015,July,27,1,0,3,2,0.0,0,BB,PRT,Online TA,TA/TO,0,0,0,A,A,0,No Deposit,240.0,0.0,0,Transient,82.0,0,1,Canceled,2015-05-06,7,2015-07-01,3,2.0,0,1,0,41.0,31-90 days,2-3 nights,couple
9,Resort Hotel,1,75,2015,July,27,1,0,3,2,0.0,0,HB,PRT,Offline TA/TO,TA/TO,0,0,0,D,D,0,No Deposit,15.0,0.0,0,Transient,105.5,0,0,Canceled,2015-04-22,7,2015-07-01,3,2.0,0,1,0,52.75,31-90 days,2-3 nights,couple
10,Resort Hotel,1,23,2015,July,27,1,0,4,2,0.0,0,BB,PRT,Online TA,TA/TO,0,0,0,E,E,0,No Deposit,240.0,0.0,0,Transient,123.0,0,0,Canceled,2015-06-23,7,2015-07-01,4,2.0,0,1,0,61.5,8-30 days,4-7 nights,couple
11,Resort Hotel,0,35,2015,July,27,1,0,4,2,0.0,0,HB,PRT,Online TA,TA/TO,0,0,0,D,D,0,No Deposit,240.0,0.0,0,Transient,145.0,0,0,Check-Out,2015-07-05,7,2015-07-01,4,2.0,0,1,0,72.5,31-90 days,4-7 nights,couple
12,Resort Hotel,0,68,2015,July,27,1,0,4,2,0.0,0,BB,USA,Online TA,TA/TO,0,0,0,D,E,0,No Deposit,240.0,0.0,0,Transient,97.0,0,3,Check-Out,2015-07-05,7,2015-07-01,4,2.0,0,1,0,48.5,31-90 days,4-7 nights,couple
13,Resort Hotel,0,18,2015,July,27,1,0,4,2,1.0,0,HB,ESP,Online TA,TA/TO,0,0,0,G,G,1,No Deposit,241.0,0.0,0,Transient,154.77,0,1,Check-Out,2015-07-05,7,2015-07-01,4,3.0,1,1,0,51.59,8-30 days,4-7 nights,family
14,Resort Hotel,0,37,2015,July,27,1,0,4,2,0.0,0,BB,PRT,Online TA,TA/TO,0,0,0,E,E,0,No Deposit,241.0,0.0,0,Transient,94.71,0,0,Check-Out,2015-07-05,7,2015-07-01,4,2.0,0,1,0,47.355,31-90 days,4-7 nights,couple
15,Resort Hotel,0,68,2015,July,27,1,0,4,2,0.0,0,BB,IRL,Online TA,TA/TO,0,0,0,D,E,0,No Deposit,240.0,0.0,0,Transient,97.0,0,3,Check-Out,2015-07-05,7,2015-07-01,4,2.0,0,1,0,48.5,31-90 days,4-7 nights,couple
16,Resort Hotel,0,37,2015,July,27,1,0,4,2,0.0,0,BB,PRT,Offline TA/TO,TA/TO,0,0,0,E,E,0,No Deposit,8.0,0.0,0,Contract,97.5,0,0,Check-Out,2015-07-05,7,2015-07-01,4,2.0,0,1,0,48.75,31-90 days,4-7 nights,couple
17,Resort Hotel,0,12,2015,July,27,1,0,1,2,0.0,0,BB,IRL,Online TA,TA/TO,0,0,0,A,E,0,No Deposit,240.0,0.0,0,Transient,88.2,0,0,Check-Out,2015-07-02,7,2015-07-01,1,2.0,0,1,0,44.1,8-30 days,0-1 nights,couple
18,Resort Hotel,0,0,2015,July,27,1,0,1,2,0.0,0,BB,FRA,Corporate,Corporate,0,0,0,A,G,0,No Deposit,0.0,110.0,0,Transient,107.42,0,0,Check-Out,2015-07-02,7,2015-07-01,1,2.0,0,0,1,53.71,0-7 days,0-1 nights,couple
19,Resort Hotel,0,7,2015,July,27,1,0,4,2,0.0,0,BB,GBR,Direct,Direct,0,0,0,G,G,0,No Deposit,250.0,0.0,0,Transient,153.0,0,1,Check-Out,2015-07-05,7,2015-07-01,4,2.0,0,1,0,76.5,0-7 days,4-7 nights,couple
20,Resort Hotel,0,37,2015,July,27,1,1,4,1,0.0,0,BB,GBR,Online TA,TA/TO,0,0,0,F,F,0,No Deposit,241.0,0.0,0,Transient,97.29,0,1,Check-Out,2015-07-06,7,2015-07-01,5,1.0,0,1,0,97.29,31-90 days,4-7 nights,solo
21,Resort Hotel,0,72,2015,July,27,1,2,4,2,0.0,0,BB,PRT,Direct,Direct,0,0,0,A,A,1,No Deposit,250.0,0.0,0,Transient,84.67,0,1,Check-Out,2015-07-07,7,2015-07-01,6,2.0,0,1,0,42.335,31-90 days,4-7 nights,couple
22,Resort Hotel,0,72,2015,July,27,1,2,4,2,0.0,0,BB,PRT,Direct,Direct,0,0,0,A,A,1,No Deposit,250.0,0.0,0,Transient,84.67,0,1,Check-Out,2015-07-07,7,2015-07-01,6,2.0,0,1,0,42.335,31-90 days,4-7 nights,couple
23,Resort Hotel,0,72,2015,July,27,1,2,4,2,0.0,0,BB,PRT,Direct,Direct,0,0,0,D,D,1,No Deposit,250.0,0.0,0,Transient,99.67,0,1,Check-Out,2015-07-07,7,2015-07-01,6,2.0,0,1,0,49.835,31-90 days,4-7 nights,couple
24,Resort Hotel,0,127,2015,July,27,1,2,5,2,0.0,0,HB,GBR,Offline TA/TO,TA/TO,0,0,0,D,I,0,No Deposit,115.0,0.0,0,Contract,94.95,0,1,Check-Out,2015-07-01,7,2015-07-01,7,2.0,0,1,0,47.475,91-180 days,4-7 nights,couple
25,Resort Hotel,0,78,2015,July,27,1,2,5,2,0.0,0,BB,PRT,Offline TA/TO,TA/TO,0,0,0,D,D,0,No Deposit,5.0,0.0,0,Transient,63.6,1,0,Check-Out,2015-07-08,7,2015-07-01,7,2.0,0,1,0,31.8,31-90 days,4-7 nights,couple
26,Resort Hotel,0,48,2015,July,27,1,2,5,2,0.0,0,BB,IRL,Offline TA/TO,TA/TO,0,0,0,D,D,0,No Deposit,8.0,0.0,0,Contract,79.5,0,0,Check-Out,2015-07-08,7,2015-07-01,7,2.0,0,1,0,39.75,31-90 days,4-7 nights,couple
27,Resort Hotel,1,60,2015,July,27,1,2,5,2,0.0,0,BB,PRT,Online TA,TA/TO,0,0,0,E,E,0,No Deposit,240.0,0.0,0,Transient,107.0,0,2,Canceled,2015-05-11,7,2015-07-01,7,2.0,0,1,0,53.5,31-90 days,4-7 nights,couple
28,Resort Hotel,0,77,2015,July,27,1,2,5,2,0.0,0,BB,PRT,Online TA,TA/TO,0,0,0,A,A,0,No Deposit,240.0,0.0,0,Transient,94.0,0,0,Check-Out,2015-07-08,7,2015-07-01,7,2.0,0,1,0,47.0,31-90 days,4-7 nights,couple
29,Resort Hotel,0,99,2015,July,27,1,2,5,2,0.0,0,BB,PRT,Online TA,TA/TO,0,0,0,D,D,0,No Deposit,240.0,0.0,0,Transient,87.3,1,1,Check-Out,2015-07-08,7,2015-07-01,7,2.0,0,1,0,43.65,91-180 days,4-7 nights,couple
30,Resort Hotel,0,118,2015,July,27,1,4,10,1,0.0,0,BB,Unknown,Direct,Direct,0,0,0,A,A,2,No Deposit,0.0,0.0,0,Transient,62.0,0,2,Check-Out,2015-07-15,7,2015-07-01,14,1.0,0,0,0,62.0,91-180 days,8-14 nights,solo
31,Resort Hotel,0,95,2015,July,27,1,4,11,2,0.0,0,BB,GBR,Offline TA/TO,TA/TO,0,0,0,D,D,0,No Deposit,241.0,0.0,0,Transient,63.86,0,0,Check-Out,2015-07-16,7,2015-07-01,15,2.0,0,1,0,31.93,91-180 days,15+ nights,couple
32,Resort Hotel,1,96,2015,July,27,1,2,8,2,0.0,0,BB,PRT,Direct,Direct,0,0,0,E,E,0,No Deposit,0.0,0.0,0,Transient,108.3,0,2,Canceled,2015-05-29,7,2015-07-01,10,2.0,0,0,0,54.15,91-180 days,8-14 nights,couple
33,Resort Hotel,0,69,2015,July,27,2,2,4,2,0.0,0,BB,IRL,Offline TA/TO,TA/TO,0,0,0,A,C,0,No Deposit,175.0,0.0,0,Transient,65.5,0,0,Check-Out,2015-07-08,7,2015-07-02,6,2.0,0,1,0,32.75,31-90 days,4-7 nights,couple
34,Resort Hotel,1,45,2015,July,27,2,1,3,3,0.0,0,BB,PRT,Online TA,TA/TO,0,0,0,D,D,0,No Deposit,241.0,0.0,0,Transient,108.8,0,1,Canceled,2015-05-19,7,2015-07-02,4,3.0,0,1,0,36.266666666666666,31-90 days,4-7 nights,group
35,Resort Hotel,1,40,2015,July,27,2,1,3,3,0.0,0,BB,PRT,Online TA,TA/TO,0,0,0,D,D,0,No Deposit,241.0,0.0,0,Transient,108.8,0,1,Canceled,2015-06-19,7,2015-07-02,4,3.0,0,1,0,36.266666666666666,31-90 days,4-7 nights,group
36,Resort Hotel,0,15,2015,July,27,2,1,3,2,0.0,0,BB,ESP,Online TA,TA/TO,0,0,0,A,C,0,No Deposit,240.0,0.0,0,Transient,98.0,0,0,Check-Out,2015-07-06,7,2015-07-02,4,2.0,0,1,0,49.0,8-30 days,4-7 nights,couple
37,Resort Hotel,0,36,2015,July,27,2,1,3,3,0.0,0,BB,PRT,Online TA,TA/TO,0,0,0,D,D,0,No Deposit,241.0,0.0,0,Transient,108.8,0,1,Check-Out,2015-07-06,7,2015-07-02,4,3.0,0,1,0,36.266666666666666,31-90 days,4-7 nights,group
38,Resort Hotel,1,43,2015,July,27,2,1,3,3,0.0,0,BB,PRT,Online TA,TA/TO,0,0,0,D,D,0,No Deposit,241.0,0.0,0,Transient,108.8,0,0,Canceled,2015-05-23,7,2015-07-02,4,3.0,0,1,0,36.266666666666666,31-90 days,4-7 nights,group
39,Resort Hotel,0,70,2015,July,27,2,2,3,2,0.0,0,HB,ROU,Direct,Direct,0,0,0,E,E,0,No Deposit,250.0,0.0,0,Transient,137.0,0,1,Check-Out,2015-07-07,7,2015-07-02,5,2.0,0,1,0,68.5,31-90 days,4-7 nights,couple
40,Resort Hotel,1,45,2015,July,27,2,2,3,2,0.0,0,BB,PRT,Online TA,TA/TO,0,0,0,G,G,0,No Deposit,241.0,0.0,0,Transient,117.81,0,0,Canceled,2015-05-18,7,2015-07-02,5,2.0,0,1,0,58.905,31-90 days,4-7 nights,couple
41,Resort Hotel,0,45,2015,July,27,2,2,3,2,0.0,0,BB,IRL,Offline TA/TO,TA/TO,0,0,0,D,D,0,No Deposit,8.0,0.0,0,Contract,79.5,0,0,Check-Out,2015-07-07,7,2015-07-02,5,2.0,0,1,0,39.75,31-90 days,4-7 nights,couple
42,Resort Hotel,0,16,2015,July,27,2,2,3,2,0.0,0,BB,ESP,Direct,Direct,0,0,0,F,F,0,No Deposit,0.0,0.0,0,Transient,123.0,0,0,Check-Out,2015-07-07,7,2015-07-02,5,2.0,0,0,0,61.5,8-30 days,4-7 nights,couple
43,Resort Hotel,0,70,2015,July,27,2,2,3,2,0.0,0,HB,ROU,Direct,Direct,0,0,0,E,E,0,No Deposit,250.0,0.0,0,Transient,137.0,0,1,Check-Out,2015-07-07,7,2015-07-02,5,2.0,0,1,0,68.5,31-90 days,4-7 nights,couple
44,Resort Hotel,0,107,2015,July,27,2,2,5,2,0.0,0,BB,PRT,Online TA,TA/TO,0,0,0,A,A,0,No Deposit,240.0,0.0,0,Transient,110.7,0,2,Check-Out,2015-07-09,7,2015-07-02,7,2.0,0,1,0,55.35,91-180 days,4-7 nights,couple
45,Resort Hotel,1,47,2015,July,27,2,2,5,2,2.0,0,BB,PRT,Online TA,TA/TO,0,0,0,G,G,0,No Deposit,240.0,0.0,0,Transient,153.0,0,0,Canceled,2015-06-02,7,2015-07-02,7,4.0,1,1,0,38.25,31-90 days,4-7 nights,family
46,Resort Hotel,0,96,2015,July,27,2,2,5,2,0.0,0,BB,ESP,Offline TA/TO,TA/TO,0,0,0,A,A,0,No Deposit,134.0,0.0,0,Transient,58.95,0,1,Check-Out,2015-07-09,7,2015-07-02,7,2.0,0,1,0,29.475,91-180 days,4-7 nights,couple
47,Resort Hotel,0,113,2015,July,27,2,2,5,2,0.0,0,BB,NOR,Offline TA/TO,TA/TO,0,0,0,E,E,0,No Deposit,156.0,0.0,0,Transient-Party,82.88,0,2,Check-Out,2015-07-09,7,2015-07-02,7,2.0,0,1,0,41.44,91-180 days,4-7 nights,couple
48,Resort Hotel,0,90,2015,July,27,2,2,5,2,0.0,0,HB,GBR,Offline TA/TO,TA/TO,0,0,0,A,B,1,No Deposit,243.0,0.0,0,Contract,82.35,0,0,Check-Out,2015-07-09,7,2015-07-02,7,2.0,0,1,0,41.175,31-90 days,4-7 nights,couple
49,Resort Hotel,0,50,2015,July,27,2,2,5,2,0.0,0,HB,IRL,Online TA,TA/TO,0,0,0,E,F,1,No Deposit,241.0,0.0,0,Transient,119.35,0,1,Check-Out,2015-07-09,7,2015-07-02,7,2.0,0,1,0,59.675,31-90 days,4-7 nights,couple
50,Resort Hotel,0,113,2015,July,27,2,2,5,2,0.0,0,BB,NOR,Offline TA/TO,TA/TO,0,0,0,D,D,0,No Deposit,156.0,0.0,0,Transient-Party,67.58,0,2,Check-Out,2015-07-09,7,2015-07-02,7,2.0,0,1,0,33.79,91-180 days,4-7 nights,couple
51,Resort Hotel,0,93,2015,July,27,2,3,8,2,0.0,0,BB,IRL,Offline TA/TO,TA/TO,0,0,0,A,A,0,No Deposit,156.0,0.0,0,Contract,56.01,0,0,Check-Out,2015-07-13,7,2015-07-02,11,2.0,0,1,0,28.005,91-180 days,8-14 nights,couple
52,Resort Hotel,0,76,2015,July,27,2,4,10,2,0.0,0,BB,OMN,Offline TA/TO,TA/TO,0,0,0,D,D,0,No Deposit,243.0,0.0,0,Contract,110.7,0,0,Check-Out,2015-07-16,7,2015-07-02,14,2.0,0,1,0,55.35,31-90 days,8-14 nights,couple
53,Resort Hotel,0,3,2015,July,27,2,0,1,2,0.0,0,BB,ESP,Online TA,TA/TO,0,0,0,A,C,0,No Deposit,240.0,0.0,0,Transient,88.2,1,0,Check-Out,2015-07-03,7,2015-07-02,1,2.0,0,1,0,44.1,0-7 days,0-1 nights,couple
54,Resort Hotel,0,1,2015,July,27,2,0,1,2,0.0,0,BB,ARG,Online TA,TA/TO,0,0,0,H,H,0,No Deposit,240.0,0.0,0,Transient,147.0,1,0,Check-Out,2015-07-03,7,2015-07-02,1,2.0,0,1,0,73.5,0-7 days,0-1 nights,couple
55,Resort Hotel,0,1,2015,July,27,2,0,1,2,2.0,0,BB,ESP,Direct,Direct,0,0,0,C,C,0,No Deposit,0.0,0.0,0,Transient,107.0,1,2,Check-Out,2015-07-03,7,2015-07-02,1,4.0,1,0,0,26.75,0-7 days,0-1 nights,family
56,Resort Hotel,0,0,2015,July,27,2,0,1,2,0.0,0,BB,PRT,Direct,Direct,0,0,0,H,H,0,No Deposit,0.0,0.0,0,Transient,147.0,0,0,Check-Out,2015-07-03,7,2015-07-02,1,2.0,0,0,0,73.5,0-7 days,0-1 nights,couple
57,Resort Hotel,0,0,2015,July,27,2,0,1,2,0.0,0,BB,PRT,Online TA,TA/TO,0,0,0,A,D,0,No Deposit,240.0,0.0,0,Transient,117.9,0,2,Check-Out,2015-07-03,7,2015-07-02,1,2.0,0,1,0,58.95,0-7 days,0-1 nights,couple
58,Resort Hotel,0,0,2015,July,27,2,0,1,2,0.0,0,BB,PRT,Direct,Direct,0,0,0,G,G,0,No Deposit,0.0,0.0,0,Transient,123.0,0,0,Check-Out,2015-07-03,7,2015-07-02,1,2.0,0,0,0,61.5,0-7 days,0-1 nights,couple
59,Resort Hotel,0,14,2015,July,27,2,0,2,2,0.0,0,BB,USA,Online TA,TA/TO,0,0,0,A,C,0,No Deposit,242.0,0.0,0,Transient,98.0,0,1,Check-Out,2015-07-04,7,2015-07-02,2,2.0,0,1,0,49.0,8-30 days,2-3 nights,couple
60,Resort Hotel,0,10,2015,July,27,2,0,2,2,0.0,0,BB,PRT,Online TA,TA/TO,0,0,0,G,G,0,No Deposit,241.0,0.0,0,Transient,117.81,0,0,Check-Out,2015-07-04,7,2015-07-02,2,2.0,0,1,0,58.905,8-30 days,2-3 nights,couple
61,Resort Hotel,0,5,2015,July,27,2,0,2,2,0.0,0,BB,IRL,Online TA,TA/TO,0,0,0,E,E,0,No Deposit,240.0,0.0,0,Transient,135.0,1,2,Check-Out,2015-07-04,7,2015-07-02,2,2.0,0,1,0,67.5,0-7 days,2-3 nights,couple
62,Resort Hotel,0,17,2015,July,27,2,0,3,2,0.0,0,BB,ESP,Direct,Direct,0,0,0,F,F,0,No Deposit,250.0,0.0,0,Transient,133.0,0,1,Check-Out,2015-07-05,7,2015-07-02,3,2.0,0,1,0,66.5,8-30 days,2-3 nights,couple
63,Resort Hotel,0,93,2015,July,27,2,0,3,2,0.0,0,BB,IRL,Offline TA/TO,TA/TO,0,0,0,A,C,0,No Deposit,115.0,0.0,0,Contract,58.95,0,0,Check-Out,2015-07-05,7,2015-07-02,3,2.0,0,1,0,29.475,91-180 days,2-3 nights,couple
64,Resort Hotel,1,3,2015,July,27,2,0,3,2,0.0,0,HB,PRT,Online TA,TA/TO,0,0,0,A,A,0,No Deposit,240.0,0.0,0,Transient,136.33,0,2,Canceled,2015-06-29,7,2015-07-02,3,2.0,0,1,0,68.165,0-7 days,2-3 nights,couple
65,Resort Hotel,0,10,2015,July,27,3,0,2,2,2.0,0,BB,USA,Online TA,TA/TO,0,0,0,G,H,0,No Deposit,240.0,0.0,0,Transient,153.0,1,0,Check-Out,2015-07-05,7,2015-07-03,2,4.0,1,1,0,38.25,8-30 days,2-3 nights,family
66,Resort Hotel,0,3,2015,July,27,3,0,2,2,0.0,0,BB,ESP,Online TA,TA/TO,0,0,0,A,C,0,No Deposit,240.0,0.0,0,Transient,110.5,0,0,Check-Out,2015-07-05,7,2015-07-03,2,2.0,0,1,0,55.25,0-7 days,2-3 nights,couple
67,Resort Hotel,0,51,2015,July,27,3,0,2,2,0.0,0,BB,POL,Online TA,TA/TO,0,0,0,D,D,0,No Deposit,242.0,0.0,0,Transient,97.0,0,0,Check-Out,2015-07-05,7,2015-07-03,2,2.0,0,1,0,48.5,31-90 days,2-3 nights,couple
68,Resort Hotel,1,71,2015,July,27,3,0,2,3,0.0,0,BB,PRT,Offline TA/TO,TA/TO,0,0,0,A,A,0,No Deposit,242.0,0.0,0,Transient,110.3,0,2,Canceled,2015-06-16,7,2015-07-03,2,3.0,0,1,0,36.766666666666666,31-90 days,2-3 nights,group
69,Resort Hotel,1,63,2015,July,27,3,0,2,2,0.0,0,BB,PRT,Online TA,TA/TO,0,0,0,A,A,0,No Deposit,240.0,0.0,0,Transient,82.0,0,2,Canceled,2015-06-18,7,2015-07-03,2,2.0,0,1,0,41.0,31-90 days,2-3 nights,couple
70,Resort Hotel,1,62,2015,July,27,3,0,2,2,0.0,0,BB,PRT,Online TA,TA/TO,0,0,0,D,D,0,No Deposit,240.0,0.0,0,Transient,97.0,0,1,Canceled,2015-07-03,7,2015-07-03,2,2.0,0,1,0,48.5,31-90 days,2-3 nights,couple
71,Resort Hotel,1,101,2015,July,27,3,0,2,2,0.0,0,BB,PRT,Online TA,TA/TO,0,0,0,A,A,0,No Deposit,240.0,0.0,0,Transient,73.8,0,1,Canceled,2015-06-12,7,2015-07-03,2,2.0,0,1,0,36.9,91-180 days,2-3 nights,couple
72,Resort Hotel,0,2,2015,July,27,3,0,2,2,0.0,0,HB,PRT,Offline TA/TO,TA/TO,0,0,0,A,A,0,No Deposit,3.0,0.0,0,Transient,91.5,0,0,Check-Out,2015-07-05,7,2015-07-03,2,2.0,0,1,0,45.75,0-7 days,2-3 nights,couple
73,Resort Hotel,0,15,2015,July,27,3,0,2,2,0.0,0,BB,ESP,Online TA,TA/TO,0,0,0,A,A,0,No Deposit,240.0,0.0,0,Transient,114.5,0,0,Check-Out,2015-07-05,7,2015-07-03,2,2.0,0,1,0,57.25,8-30 days,2-3 nights,couple
74,Resort Hotel,1,51,2015,July,27,3,0,2,3,0.0,0,BB,PRT,Online TA,TA/TO,0,0,0,A,A,0,No Deposit,242.0,0.0,0,Transient,110.3,0,0,Canceled,2015-06-09,7,2015-07-03,2,3.0,0,1,0,36.766666666666666,31-90 days,2-3 nights,group
75,Resort Hotel,0,3,2015,July,27,3,1,2,2,0.0,0,BB,ESP,Online TA,TA/TO,0,0,0,A,A,0,No Deposit,240.0,0.0,0,Transient,90.9,1,0,Check-Out,2015-07-06,7,2015-07-03,3,2.0,0,1,0,45.45,0-7 days,2-3 nights,couple
76,Resort Hotel,1,48,2015,July,27,3,1,2,2,0.0,0,BB,PRT,Online TA,TA/TO,0,0,0,E,E,0,No Deposit,240.0,0.0,0,Transient,123.0,0,0,Canceled,2015-05-26,7,2015-07-03,3,2.0,0,1,0,61.5,31-90 days,2-3 nights,couple
77,Resort Hotel,0,2,2015,July,27,3,2,2,1,0.0,0,BB,PRT,Online TA,TA/TO,0,0,0,A,A,0,No Deposit,240.0,0.0,0,Transient,122.0,0,0,Check-Out,2015-07-07,7,2015-07-03,4,1.0,0,1,0,122.0,0-7 days,4-7 nights,solo
78,Resort Hotel,0,72,2015,July,27,3,2,2,2,0.0,0,BB,DEU,Offline TA/TO,TA/TO,0,0,0,A,A,0,No Deposit,105.0,0.0,0,Transient,110.7,1,0,Check-Out,2015-07-07,7,2015-07-03,4,2.0,0,1,0,55.35,31-90 days,4-7 nights,couple
79,Resort Hotel,0,81,2015,July,27,3,2,6,3,0.0,0,BB,PRT,Offline TA/TO,TA/TO,0,0,0,D,D,0,No Deposit,5.0,0.0,0,Transient,85.86,0,0,Check-Out,2015-07-11,7,2015-07-03,8,3.0,0,1,0,28.62,31-90 days,8-14 nights,group
80,Resort Hotel,0,99,2015,July,27,3,2,7,2,0.0,0,BB,FRA,Offline TA/TO,TA/TO,0,0,0,A,A,0,No Deposit,40.0,0.0,0,Contract,58.95,0,0,Check-Out,2015-07-12,7,2015-07-03,9,2.0,0,1,0,29.475,91-180 days,8-14 nights,couple
81,Resort Hotel,1,368,2015,July,27,3,3,7,2,0.0,0,BB,PRT,Offline TA/TO,TA/TO,0,0,0,A,A,0,No Deposit,40.0,0.0,0,Contract,55.68,0,0,Canceled,2015-05-19,7,2015-07-03,10,2.0,0,1,0,27.84,181+ days,8-14 nights,couple
82,Resort Hotel,0,364,2015,July,27,3,3,7,2,0.0,0,BB,GBR,Offline TA/TO,TA/TO,0,0,0,A,A,0,No Deposit,40.0,0.0,0,Contract,55.68,0,0,Check-Out,2015-07-13,7,2015-07-03,10,2.0,0,1,0,27.84,181+ days,8-14 nights,couple
83,Resort Hotel,1,81,2015,July,27,3,3,7,2,0.0,0,HB,PRT,Direct,Direct,0,0,0,A,A,2,No Deposit,250.0,0.0,0,Transient,124.0,0,1,Canceled,2015-06-09,7,2015-07-03,10,2.0,0,1,0,62.0,31-90 days,8-14 nights,couple
84,Resort Hotel,0,99,2015,July,27,3,3,7,2,0.0,0,HB,GBR,Offline TA/TO,TA/TO,0,0,0,E,E,0,No Deposit,115.0,0.0,0,Contract,111.15,0,0,Check-Out,2015-07-13,7,2015-07-03,10,2.0,0,1,0,55.575,91-180 days,8-14 nights,couple
85,Resort Hotel,0,324,2015,July,27,3,4,10,2,0.0,0,HB,GBR,Offline TA/TO,TA/TO,0,0,0,E,E,0,No Deposit,40.0,0.0,0,Contract,134.73,0,0,Check-Out,2015-07-17,7,2015-07-03,14,2.0,0,1,0,67.365,181+ days,8-14 nights,couple
86,Resort Hotel,0,69,2015,July,27,3,4,10,2,0.0,0,BB,GBR,Online TA,TA/TO,0,0,0,F,F,1,No Deposit,241.0,0.0,0,Transient,92.45,0,1,Check-Out,2015-07-17,7,2015-07-03,14,2.0,0,1,0,46.225,31-90 days,8-14 nights,couple
87,Resort Hotel,1,79,2015,July,27,3,6,15,2,1.0,0,BB,PRT,Offline TA/TO,TA/TO,0,0,0,A,A,0,No Deposit,242.0,0.0,0,Transient,108.73,0,2,Canceled,2015-04-15,7,2015-07-03,21,3.0,1,1,0,36.24333333333333,31-90 days,15+ nights,family
88,Resort Hotel,0,12,2015,July,27,3,0,1,2,0.0,0,BB,GBR,Online TA,TA/TO,0,0,0,A,C,0,No Deposit,240.0,0.0,0,Transient,73.8,0,0,Check-Out,2015-07-04,7,2015-07-03,1,2.0,0,1,0,36.9,8-30 days,0-1 nights,couple
89,Resort Hotel,0,9,2015,July,27,3,0,1,2,0.0,0,BB,PRT,Online TA,TA/TO,0,0,0,A,C,0,No Deposit,240.0,0.0,0,Transient,98.0,1,2,Check-Out,2015-07-04,7,2015-07-03,1,2.0,0,1,0,49.0,8-30 days,0-1 nights,couple
90,Resort Hotel,0,1,2015,July,27,3,0,1,2,0.0,0,BB,ESP,Online TA,TA/TO,0,0,0,A,C,0,No Deposit,240.0,0.0,0,Transient,131.0,0,1,Check-Out,2015-07-04,7,2015-07-03,1,2.0,0,1,0,65.5,0-7 days,0-1 nights,couple
91,Resort Hotel,0,21,2015,July,27,3,0,1,2,0.0,0,BB,PRT,Online TA,TA/TO,0,0,0,E,E,0,No Deposit,240.0,0.0,0,Transient,123.0,0,0,Check-Out,2015-07-04,7,2015-07-03,1,2.0,0,1,0,61.5,8-30 days,0-1 nights,couple
92,Resort Hotel,0,9,2015,July,27,3,0,1,2,0.0,0,BB,USA,Online TA,TA/TO,0,0,0,C,C,0,No Deposit,241.0,0.0,0,Transient,94.71,0,0,Check-Out,2015-07-04,7,2015-07-03,1,2.0,0,1,0,47.355,8-30 days,0-1 nights,couple
93,Resort Hotel,0,109,2015,July,27,3,0,1,2,0.0,0,BB,BEL,Online TA,TA/TO,0,0,0,A,A,0,No Deposit,240.0,0.0,0,Transient,123.0,0,2,Check-Out,2015-07-04,7,2015-07-03,1,2.0,0,1,0,61.5,91-180 days,0-1 nights,couple
94,Resort Hotel,1,109,2015,July,27,3,0,2,2,0.0,0,BB,PRT,Online TA,TA/TO,0,0,0,A,A,0,No Deposit,240.0,0.0,0,Transient,123.0,0,1,Canceled,2015-05-26,7,2015-07-03,2,2.0,0,1,0,61.5,91-180 days,2-3 nights,couple
95,Resort Hotel,1,72,2015,July,27,3,0,2,2,0.0,0,BB,PRT,Online TA,TA/TO,0,0,0,A,A,0,No Deposit,240.0,0.0,0,Transient,73.8,0,1,Canceled,2015-06-29,7,2015-07-03,2,2.0,0,1,0,36.9,31-90 days,2-3 nights,couple
96,Resort Hotel,1,63,2015,July,27,3,2,5,2,0.0,0,BB,PRT,Online TA,TA/TO,0,0,0,F,F,0,No Deposit,242.0,0.0,0,Transient,117.0,0,1,Canceled,2015-05-13,7,2015-07-03,7,2.0,0,1,0,58.5,31-90 days,4-7 nights,couple
97,Resort Hotel,0,63,2015,July,27,3,2,5,3,0.0,0,HB,ESP,Offline TA/TO,TA/TO,0,0,0,E,E,0,No Deposit,105.0,0.0,0,Transient,196.54,0,1,Check-Out,2015-07-10,7,2015-07-03,7,3.0,0,1,0,65.51333333333334,31-90 days,4-7 nights,group
98,Resort Hotel,0,101,2015,July,27,3,2,5,2,1.0,0,BB,PRT,Online TA,TA/TO,0,0,0,D,D,0,No Deposit,240.0,0.0,0,Transient,99.3,1,2,Check-Out,2015-07-10,7,2015-07-03,7,3.0,1,1,0,33.1,91-180 days,4-7 nights,family
99,Resort Hotel,0,102,2015,July,27,3,2,5,2,0.0,0,BB,DEU,Direct,Direct,0,0,0,E,E,0,No Deposit,250.0,0.0,0,Transient,90.95,0,0,Check-Out,2015-07-10,7,2015-07-03,7,2.0,0,1,0,45.475,91-180 days,4-7 nights,couple
100,Resort Hotel,0,4,2015,July,27,4,2,1,2,0.0,0,BB,ESP,Direct,Direct,0,0,0,A,C,0,No Deposit,250.0,0.0,0,Transient,92.67,0,1,Check-Out,2015-07-07,7,2015-07-04,3,2.0,0,1,0,46.335,0-7 days,2-3 nights,couple
101,Resort Hotel,0,98,2015,July,27,4,2,1,2,0.0,0,BB,FRA,Offline TA/TO,TA/TO,0,0,0,D,D,0,No Deposit,8.0,0.0,0,Transient,71.55,1,0,Check-Out,2015-07-07,7,2015-07-04,3,2.0,0,1,0,35.775,91-180 days,2-3 nights,couple
102,Resort Hotel,0,92,2015,July,27,4,2,4,1,2.0,0,BB,FRA,Offline TA/TO,TA/TO,0,0,0,F,F,0,No Deposit,241.0,0.0,0,Transient,96.49,0,2,Check-Out,2015-07-10,7,2015-07-04,6,3.0,1,1,0,32.163333333333334,91-180 days,4-7 nights,family
103,Resort Hotel,0,95,2015,July,27,4,2,4,2,0.0,0,BB,PRT,Online TA,TA/TO,0,0,0,A,C,0,No Deposit,240.0,0.0,0,Transient,85.8,1,2,Check-Out,2015-07-10,7,2015-07-04,6,2.0,0,1,0,42.9,91-180 days,4-7 nights,couple
104,Resort Hotel,0,102,2015,July,27,4,2,5,2,0.0,0,BB,PRT,Online TA,TA/TO,0,0,0,E,E,0,No Deposit,240.0,0.0,0,Transient,96.3,0,1,Check-Out,2015-07-11,7,2015-07-04,7,2.0,0,1,0,48.15,91-180 days,4-7 nights,couple
105,Resort Hotel,1,26,2015,July,27,4,2,5,2,2.0,0,BB,PRT,Online TA,TA/TO,0,0,0,H,H,0,No Deposit,240.0,0.0,0,Transient,163.0,0,0,Canceled,2015-06-09,7,2015-07-04,7,4.0,1,1,0,40.75,8-30 days,4-7 nights,family
106,Resort Hotel,1,73,2015,July,27,4,2,5,3,0.0,0,HB,PRT,Direct,Direct,0,0,0,D,D,0,No Deposit,250.0,0.0,0,Transient,172.0,0,1,Canceled,2015-05-20,7,2015-07-04,7,3.0,0,1,0,57.333333333333336,31-90 days,4-7 nights,group
107,Resort Hotel,1,102,2015,July,27,4,2,5,2,0.0,0,BB,PRT,Online TA,TA/TO,0,0,0,A,A,0,No Deposit,240.0,0.0,0,Transient,110.7,0,1,Canceled,2015-04-22,7,2015-07-04,7,2.0,0,1,0,55.35,91-180 days,4-7 nights,couple
108,Resort Hotel,0,115,2015,July,27,4,2,5,2,0.0,0,BB,PRT,Offline TA/TO,TA/TO,0,0,0,A,A,0,No Deposit,134.0,0.0,0,Transient,58.95,0,1,Check-Out,2015-07-11,7,2015-07-04,7,2.0,0,1,0,29.475,91-180 days,4-7 nights,couple
109,Resort Hotel,0,102,2015,July,27,4,2,5,2,0.0,1,BB,PRT,Online TA,TA/TO,0,0,0,A,A,0,No Deposit,240.0,0.0,0,Transient,73.8,0,2,Check-Out,2015-07-11,7,2015-07-04,7,3.0,1,1,0,24.599999999999998,91-180 days,4-7 nights,family
110,Resort Hotel,0,86,2015,July,27,4,2,5,2,0.0,0,BB,CHE,Online TA,TA/TO,0,0,0,D,D,0,No Deposit,240.0,0.0,0,Transient,97.0,0,2,Check-Out,2015-07-11,7,2015-07-04,7,2.0,0,1,0,48.5,31-90 days,4-7 nights,couple
111,Resort Hotel,0,78,2015,July,27,4,2,5,2,0.0,1,HB,PRT,Online TA,TA/TO,0,0,0,E,F,0,No Deposit,240.0,0.0,0,Transient,139.0,0,2,Check-Out,2015-07-11,7,2015-07-04,7,3.0,1,1,0,46.333333333333336,31-90 days,4-7 nights,family
112,Resort Hotel,0,52,2015,July,27,4,2,5,2,0.0,0,BB,GBR,Online TA,TA/TO,0,0,0,A,A,0,No Deposit,147.0,0.0,0,Transient,67.24,0,0,Check-Out,2015-07-11,7,2015-07-04,7,2.0,0,1,0,33.62,31-90 days,4-7 nights,couple
113,Resort Hotel,0,29,2015,July,27,4,2,6,3,0.0,0,BB,PRT,Online TA,TA/TO,0,0,0,E,E,0,No Deposit,241.0,0.0,0,Transient,116.5,0,1,Check-Out,2015-07-12,7,2015-07-04,8,3.0,0,1,0,38.833333333333336,8-30 days,8-14 nights,group
114,Resort Hotel,1,101,2015,July,27,4,2,6,2,0.0,0,BB,PRT,Online TA,TA/TO,0,0,0,E,E,0,No Deposit,240.0,0.0,0,Transient,96.3,0,1,Canceled,2015-05-12,7,2015-07-04,8,2.0,0,1,0,48.15,91-180 days,8-14 nights,couple
115,Resort Hotel,0,109,2015,July,27,4,2,6,2,0.0,0,BB,PRT,Online TA,TA/TO,0,0,0,A,A,0,No Deposit,240.0,0.0,0,Transient,123.0,0,1,Check-Out,2015-07-12,7,2015-07-04,8,2.0,0,1,0,61.5,91-180 days,8-14 nights,couple
116,Resort Hotel,0,92,2015,July,27,4,4,6,2,0.0,0,BB,GBR,Offline TA/TO,TA/TO,0,0,0,D,D,0,No Deposit,40.0,0.0,0,Contract,71.55,0,1,Check-Out,2015-07-14,7,2015-07-04,10,2.0,0,1,0,35.775,91-180 days,8-14 nights,couple
117,Resort Hotel,0,92,2015,July,27,4,4,6,2,0.0,0,BB,PRT,Offline TA/TO,TA/TO,0,0,0,D,D,0,No Deposit,40.0,0.0,0,Contract,71.55,0,1,Check-Out,2015-07-14,7,2015-07-04,10,2.0,0,1,0,35.775,91-180 days,8-14 nights,couple
118,Resort Hotel,0,79,2015,July,27,4,4,6,2,1.0,0,HB,PRT,Direct,Direct,0,0,0,D,D,1,No Deposit,250.0,0.0,0,Transient,149.0,0,1,Check-Out,2015-07-14,7,2015-07-04,10,3.0,1,1,0,49.666666666666664,31-90 days,8-14 nights,family
119,Resort Hotel,0,2,2015,July,27,4,0,1,2,2.0,0,BB,PRT,Online TA,TA/TO,0,0,0,H,G,1,No Deposit,240.0,0.0,0,Transient,163.0,1,0,Check-Out,2015-07-05,7,2015-07-04,1,4.0,1,1,0,40.75,0-7 days,0-1 nights,family
120,Resort Hotel,0,30,2015,July,27,4,0,1,2,0.0,0,BB,PRT,Offline TA/TO,TA/TO,0,0,0,D,C,0,No Deposit,8.0,0.0,0,Contract,79.5,0,0,Check-Out,2015-07-05,7,2015-07-04,1,2.0,0,1,0,39.75,8-30 days,0-1 nights,couple
121,Resort Hotel,1,51,2015,July,27,4,0,1,1,0.0,0,HB,PRT,Online TA,TA/TO,0,0,0,A,A,0,No Deposit,240.0,0.0,0,Transient,105.0,0,0,Canceled,2015-05-29,7,2015-07-04,1,1.0,0,1,0,105.0,31-90 days,0-1 nights,solo
122,Resort Hotel,1,36,2015,July,27,4,0,1,1,0.0,0,BB,PRT,Direct,Direct,0,0,0,E,G,1,No Deposit,250.0,0.0,0,Transient,123.0,0,0,No-Show,2015-07-04,7,2015-07-04,1,1.0,0,1,0,123.0,31-90 days,0-1 nights,solo
123,Resort Hotel,1,73,2015,July,27,4,0,1,2,0.0,0,BB,PRT,Online TA,TA/TO,0,0,0,A,A,0,No Deposit,240.0,0.0,0,Transient,73.8,0,2,Canceled,2015-05-13,7,2015-07-04,1,2.0,0,1,0,36.9,31-90 days,0-1 nights,couple
124,Resort Hotel,1,33,2015,July,27,4,0,1,2,0.0,0,BB,PRT,Online TA,TA/TO,0,0,0,D,D,0,No Deposit,240.0,0.0,0,Transient,113.0,0,0,Canceled,2015-06-16,7,2015-07-04,1,2.0,0,1,0,56.5,31-90 days,0-1 nights,couple
125,Resort Hotel,0,32,2015,July,27,4,0,1,4,0.0,0,FB,PRT,Complementary,Direct,0,0,0,H,H,2,No Deposit,0.0,0.0,0,Transient,0.0,0,1,Check-Out,2015-07-05,7,2015-07-04,1,4.0,0,0,0,0.0,31-90 days,0-1 nights,group
126,Resort Hotel,0,8,2015,July,27,4,0,1,2,0.0,0,BB,ESP,Online TA,TA/TO,0,0,0,E,E,0,No Deposit,240.0,0.0,0,Transient,123.0,0,0,Check-Out,2015-07-05,7,2015-07-04,1,2.0,0,1,0,61.5,8-30 days,0-1 nights,couple
127,Resort Hotel,0,100,2015,July,27,4,1,1,2,0.0,0,BB,FRA,Online TA,TA/TO,0,0,0,A,C,0,No Deposit,240.0,0.0,0,Transient-Party,73.8,1,1,Check-Out,2015-07-06,7,2015-07-04,2,2.0,0,1,0,36.9,91-180 days,2-3 nights,couple
128,Resort Hotel,0,1,2015,July,27,4,1,1,2,0.0,0,BB,PRT,Online TA,TA/TO,0,0,0,A,A,0,No Deposit,240.0,0.0,0,Transient,114.5,0,0,Check-Out,2015-07-06,7,2015-07-04,2,2.0,0,1,0,57.25,0-7 days,2-3 nights,couple
129,Resort Hotel,0,100,2015,July,27,4,1,1,2,0.0,0,BB,FRA,Online TA,TA/TO,0,0,0,A,A,0,No Deposit,240.0,0.0,0,Transient-Party,73.8,0,2,Check-Out,2015-07-06,7,2015-07-04,2,2.0,0,1,0,36.9,91-180 days,2-3 nights,couple
130,Resort Hotel,0,100,2015,July,27,4,1,1,2,0.0,0,BB,FRA,Online TA,TA/TO,0,0,0,A,C,0,No Deposit,240.0,0.0,0,Transient-Party,73.8,0,1,Check-Out,2015-07-06,7,2015-07-04,2,2.0,0,1,0,36.9,91-180 days,2-3 nights,couple
131,Resort Hotel,0,9,2015,July,28,5,1,0,2,0.0,0,BB,ESP,Online TA,TA/TO,0,0,0,A,C,0,No Deposit,240.0,0.0,0,Transient,88.2,0,1,Check-Out,2015-07-06,7,2015-07-05,1,2.0,0,1,0,44.1,8-30 days,0-1 nights,couple
132,Resort Hotel,1,5,2015,July,28,5,1,0,2,0.0,0,BB,PRT,Online TA,TA/TO,0,0,0,D,D,0,No Deposit,240.0,0.0,0,Transient,97.0,0,0,Canceled,2015-07-01,7,2015-07-05,1,2.0,0,1,0,48.5,0-7 days,0-1 nights,couple
133,Resort Hotel,0,0,2015,July,28,5,1,0,2,0.0,0,BB,ESP,Online TA,TA/TO,0,0,0,A,C,1,No Deposit,306.0,0.0,0,Transient,85.1,0,0,Check-Out,2015-07-06,7,2015-07-05,1,2.0,0,1,0,42.55,0-7 days,0-1 nights,couple
134,Resort Hotel,0,9,2015,July,28,5,1,0,1,0.0,0,BB,DEU,Online TA,TA/TO,0,0,0,A,A,0,No Deposit,184.0,0.0,0,Transient,89.0,0,0,Check-Out,2015-07-06,7,2015-07-05,1,1.0,0,1,0,89.0,8-30 days,0-1 nights,solo
135,Resort Hotel,0,2,2015,July,28,5,1,0,1,0.0,0,BB,PRT,Online TA,TA/TO,0,0,0,A,D,0,No Deposit,240.0,0.0,0,Transient,80.1,0,0,Check-Out,2015-07-06,7,2015-07-05,1,1.0,0,1,0,80.1,0-7 days,0-1 nights,solo
136,Resort Hotel,0,2,2015,July,28,5,1,0,2,0.0,0,BB,PRT,Online TA,TA/TO,0,0,0,A,E,0,No Deposit,240.0,0.0,0,Transient,98.0,0,0,Check-Out,2015-07-06,7,2015-07-05,1,2.0,0,1,0,49.0,0-7 days,0-1 nights,couple
137,Resort Hotel,0,9,2015,July,28,5,1,0,1,0.0,0,BB,DEU,Online TA,TA/TO,0,0,0,A,A,0,No Deposit,184.0,0.0,0,Transient,101.0,1,0,Check-Out,2015-07-06,7,2015-07-05,1,1.0,0,1,0,101.0,8-30 days,0-1 nights,solo
138,Resort Hotel,1,5,2015,July,28,5,1,0,2,0.0,0,BB,PRT,Online TA,TA/TO,0,0,0,D,D,0,No Deposit,240.0,0.0,0,Transient,97.0,0,0,Canceled,2015-07-01,7,2015-07-05,1,2.0,0,1,0,48.5,0-7 days,0-1 nights,couple
139,Resort Hotel,0,2,2015,July,28,5,1,0,2,0.0,0,BB,PRT,Direct,Direct,0,0,0,G,G,0,No Deposit,0.0,0.0,0,Transient,167.0,0,1,Check-Out,2015-07-06,7,2015-07-05,1,2.0,0,0,0,83.5,0-7 days,0-1 nights,couple
140,Resort Hotel,0,44,2015,July,28,5,2,0,3,0.0,0,HB,PRT,Online TA,TA/TO,0,0,0,G,G,3,No Deposit,240.0,0.0,0,Transient,225.0,2,0,Check-Out,2015-07-07,7,2015-07-05,2,3.0,0,1,0,75.0,31-90 days,2-3 nights,group
141,Resort Hotel,0,80,2015,July,28,5,2,0,2,0.0,0,BB,FRA,Online TA,TA/TO,0,0,0,D,E,0,No Deposit,240.0,0.0,0,Transient,97.0,1,0,Check-Out,2015-07-07,7,2015-07-05,2,2.0,0,1,0,48.5,31-90 days,2-3 nights,couple
142,Resort Hotel,0,97,2015,July,28,5,2,2,2,0.0,0,BB,ESP,Online TA,TA/TO,0,0,0,D,D,0,No Deposit,240.0,0.0,0,Transient,87.3,0,2,Check-Out,2015-07-09,7,2015-07-05,4,2.0,0,1,0,43.65,91-180 days,4-7 nights,couple
143,Resort Hotel,0,109,2015,July,28,5,2,3,2,1.0,0,BB,CN,Offline TA/TO,TA/TO,0,0,0,A,D,0,No Deposit,241.0,0.0,0,Transient,85.59,1,2,Check-Out,2015-07-10,7,2015-07-05,5,3.0,1,1,0,28.53,91-180 days,4-7 nights,family
144,Resort Hotel,0,30,2015,July,28,5,2,3,2,0.0,0,BB,ESP,Online TA,TA/TO,0,0,0,E,E,0,No Deposit,240.0,0.0,0,Transient,123.0,0,0,Check-Out,2015-07-10,7,2015-07-05,5,2.0,0,1,0,61.5,8-30 days,4-7 nights,couple
145,Resort Hotel,0,64,2015,July,28,5,2,3,2,0.0,0,BB,PRT,Online TA,TA/TO,0,0,0,E,E,0,No Deposit,240.0,0.0,0,Transient,107.0,0,0,Check-Out,2015-07-10,7,2015-07-05,5,2.0,0,1,0,53.5,31-90 days,4-7 nights,couple
146,Resort Hotel,0,39,2015,July,28,5,2,4,2,0.0,0,BB,ESP,Online TA,TA/TO,0,0,0,H,H,0,No Deposit,240.0,0.0,0,Transient,163.0,0,0,Check-Out,2015-07-11,7,2015-07-05,6,2.0,0,1,0,81.5,31-90 days,4-7 nights,couple
147,Resort Hotel,0,90,2015,July,28,5,2,4,2,0.0,0,BB,PRT,Online TA,TA/TO,0,0,0,A,A,0,No Deposit,240.0,0.0,0,Transient,82.0,0,0,Check-Out,2015-07-11,7,2015-07-05,6,2.0,0,1,0,41.0,31-90 days,4-7 nights,couple
148,Resort Hotel,1,34,2015,July,28,5,2,4,2,2.0,0,BB,PRT,Online TA,TA/TO,0,0,0,H,H,0,No Deposit,240.0,0.0,0,Transient,163.0,0,0,Canceled,2015-06-17,7,2015-07-05,6,4.0,1,1,0,40.75,31-90 days,4-7 nights,family
149,Resort Hotel,1,93,2015,July,28,5,2,5,2,0.0,0,HB,PRT,Offline TA/TO,TA/TO,0,0,0,D,D,0,No Deposit,15.0,0.0,0,Transient,105.5,0,0,Canceled,2015-05-01,7,2015-07-05,7,2.0,0,1,0,52.75,91-180 days,4-7 nights,couple
150,Resort Hotel,0,97,2015,July,28,5,2,5,2,2.0,0,HB,PRT,Direct,Direct,0,0,0,C,C,1,No Deposit,250.0,0.0,0,Transient,164.2,1,1,Check-Out,2015-07-12,7,2015-07-05,7,4.0,1,1,0,41.05,91-180 days,4-7 nights,family
151,Resort Hotel,0,29,2015,July,28,5,2,5,2,0.0,0,BB,IRL,Online TA,TA/TO,0,0,0,F,F,0,No Deposit,241.0,0.0,0,Transient,97.29,0,1,Check-Out,2015-07-12,7,2015-07-05,7,2.0,0,1,0,48.645,8-30 days,4-7 nights,couple
152,Resort Hotel,1,101,2015,July,28,5,2,5,2,0.0,0,HB,PRT,Online TA,TA/TO,0,0,0,A,A,0,No Deposit,240.0,0.0,0,Transient,114.0,0,1,Canceled,2015-03-30,7,2015-07-05,7,2.0,0,1,0,57.0,91-180 days,4-7 nights,couple
153,Resort Hotel,0,27,2015,July,28,5,2,5,2,0.0,0,BB,ESP,Offline TA/TO,TA/TO,0,0,0,E,E,0,No Deposit,175.0,0.0,0,Transient,98.4,0,0,Check-Out,2015-07-12,7,2015-07-05,7,2.0,0,1,0,49.2,8-30 days,4-7 nights,couple
154,Resort Hotel,0,8,2015,July,28,5,4,5,2,2.0,0,BB,CHE,Online TA,TA/TO,0,0,0,H,H,1,No Deposit,240.0,0.0,0,Transient,175.0,1,1,Check-Out,2015-07-14,7,2015-07-05,9,4.0,1,1,0,43.75,8-30 days,8-14 nights,family
155,Resort Hotel,0,82,2015,July,28,5,4,6,2,0.0,0,BB,PRT,Offline TA/TO,TA/TO,0,0,0,D,D,0,No Deposit,5.0,0.0,0,Transient,63.6,1,2,Check-Out,2015-07-15,7,2015-07-05,10,2.0,0,1,0,31.8,31-90 days,8-14 nights,couple
156,Resort Hotel,0,94,2015,July,28,5,4,6,3,0.0,0,BB,PRT,Direct,Direct,0,0,0,D,C,3,No Deposit,0.0,0.0,0,Transient,124.45,1,1,Check-Out,2015-07-15,7,2015-07-05,10,3.0,0,0,0,41.483333333333334,91-180 days,8-14 nights,group
157,Resort Hotel,0,110,2015,July,28,5,4,7,2,0.0,0,BB,GBR,Offline TA/TO,TA/TO,0,0,0,D,D,0,No Deposit,40.0,0.0,0,Contract,110.7,0,0,Check-Out,2015-07-16,7,2015-07-05,11,2.0,0,1,0,55.35,91-180 days,8-14 nights,couple
158,Resort Hotel,0,96,2015,July,28,5,4,10,1,0.0,0,HB,GBR,Offline TA/TO,TA/TO,0,0,0,A,A,0,No Deposit,40.0,0.0,0,Contract,74.07,0,0,Check-Out,2015-07-19,7,2015-07-05,14,1.0,0,1,0,74.07,91-180 days,8-14 nights,solo
159,Resort Hotel,0,79,2015,July,28,5,4,10,2,0.0,0,HB,GBR,Offline TA/TO,TA/TO,0,0,0,D,D,0,No Deposit,243.0,0.0,0,Contract,134.1,0,0,Check-Out,2015-07-19,7,2015-07-05,14,2.0,0,1,0,67.05,31-90 days,8-14 nights,couple
160,Resort Hotel,0,115,2015,July,28,6,1,4,2,2.0,0,BB,PRT,Online TA,TA/TO,0,0,0,G,G,1,No Deposit,240.0,0.0,0,Transient,167.0,0,0,Check-Out,2015-07-11,7,2015-07-06,5,4.0,1,1,0,41.75,91-180 days,4-7 nights,family
161,Resort Hotel,0,111,2015,July,28,6,1,3,2,0.0,0,BB,PRT,Online TA,TA/TO,0,0,0,A,C,0,No Deposit,240.0,0.0,0,Transient,123.0,0,2,Check-Out,2015-07-10,7,2015-07-06,4,2.0,0,1,0,61.5,91-180 days,4-7 nights,couple
162,Resort Hotel,0,51,2015,July,28,6,1,3,2,0.0,0,BB,USA,Online TA,TA/TO,0,0,0,G,G,0,No Deposit,241.0,0.0,0,Transient,117.81,1,2,Check-Out,2015-07-10,7,2015-07-06,4,2.0,0,1,0,58.905,31-90 days,4-7 nights,couple
163,Resort Hotel,0,94,2015,July,28,6,1,3,3,0.0,0,BB,CN,Offline TA/TO,TA/TO,0,0,0,D,D,0,No Deposit,96.0,0.0,0,Transient,171.32,0,1,Check-Out,2015-07-10,7,2015-07-06,4,3.0,0,1,0,57.10666666666666,91-180 days,4-7 nights,group
164,Resort Hotel,0,81,2015,July,28,6,1,3,2,2.0,0,HB,CHE,Direct,Direct,0,0,0,G,G,0,No Deposit,250.0,0.0,0,Transient,210.0,1,0,Check-Out,2015-07-10,7,2015-07-06,4,4.0,1,1,0,52.5,31-90 days,4-7 nights,family
165,Resort Hotel,0,84,2015,July,28,6,1,3,2,0.0,1,BB,PRT,Online TA,TA/TO,0,0,0,D,E,1,No Deposit,240.0,0.0,0,Transient,97.0,0,2,Check-Out,2015-07-10,7,2015-07-06,4,3.0,1,1,0,32.333333333333336,31-90 days,4-7 nights,family
166,Resort Hotel,0,51,2015,July,28,6,1,3,3,0.0,0,BB,USA,Online TA,TA/TO,0,0,0,G,G,0,No Deposit,241.0,0.0,0,Transient,117.81,0,2,Check-Out,2015-07-10,7,2015-07-06,4,3.0,0,1,0,39.27,31-90 days,4-7 nights,group
167,Resort Hotel,0,111,2015,July,28,6,0,0,2,0.0,0,BB,PRT,Online TA,TA/TO,0,0,0,A,H,0,No Deposit,240.0,0.0,0,Transient,0.0,0,2,Check-Out,2015-07-06,7,2015-07-06,0,2.0,0,1,0,0.0,91-180 days,0-1 nights,couple
168,Resort Hotel,0,0,2015,July,28,6,0,0,1,0.0,0,BB,PRT,Direct,Direct,0,0,0,E,H,0,No Deposit,250.0,0.0,0,Transient,0.0,0,0,Check-Out,2015-07-06,7,2015-07-06,0,1.0,0,1,0,0.0,0-7 days,0-1 nights,solo
169,Resort Hotel,0,2,2015,July,28,6,1,0,2,1.0,0,BB,PRT,Direct,Direct,0,0,0,A,E,0,No Deposit,0.0,0.0,0,Transient,131.0,0,0,Check-Out,2015-07-07,7,2015-07-06,1,3.0,1,0,0,43.666666666666664,0-7 days,0-1 nights,family
170,Resort Hotel,0,7,2015,July,28,6,1,1,2,0.0,0,BB,PRT,Online TA,TA/TO,0,0,0,A,E,0,No Deposit,240.0,0.0,0,Transient,98.0,0,2,Check-Out,2015-07-08,7,2015-07-06,2,2.0,0,1,0,49.0,0-7 days,2-3 nights,couple
171,Resort Hotel,0,98,2015,July,28,6,1,1,2,0.0,0,BB,USA,Online TA,TA/TO,0,0,0,D,F,0,No Deposit,240.0,0.0,0,Transient,87.3,1,1,Check-Out,2015-07-08,7,2015-07-06,2,2.0,0,1,0,43.65,91-180 days,2-3 nights,couple
172,Resort Hotel,0,95,2015,July,28,6,1,2,2,0.0,0,BB,GRC,Online TA,TA/TO,0,0,0,D,D,0,No Deposit,240.0,0.0,0,Transient,97.0,0,1,Check-Out,2015-07-09,7,2015-07-06,3,2.0,0,1,0,48.5,91-180 days,2-3 nights,couple
173,Resort Hotel,1,48,2015,July,28,6,1,3,2,0.0,0,HB,PRT,Online TA,TA/TO,0,0,0,E,E,0,No Deposit,240.0,0.0,0,Transient,167.0,0,0,Canceled,2015-06-03,7,2015-07-06,4,2.0,0,1,0,83.5,31-90 days,4-7 nights,couple
174,Resort Hotel,0,66,2015,July,28,6,1,3,2,0.0,0,HB,PRT,Offline TA/TO,TA/TO,0,0,0,A,E,0,No Deposit,175.0,0.0,0,Transient,91.5,0,0,Check-Out,2015-07-10,7,2015-07-06,4,2.0,0,1,0,45.75,31-90 days,4-7 nights,couple
175,Resort Hotel,0,104,2015,July,28,6,1,3,2,0.0,0,BB,PRT,Online TA,TA/TO,0,0,0,A,C,1,No Deposit,240.0,0.0,0,Transient,73.8,0,1,Check-Out,2015-07-10,7,2015-07-06,4,2.0,0,1,0,36.9,91-180 days,4-7 nights,couple
176,Resort Hotel,0,28,2015,July,28,6,1,4,2,0.0,0,BB,PRT,Online TA,TA/TO,0,0,0,E,E,0,No Deposit,240.0,0.0,0,Transient,123.0,0,0,Check-Out,2015-07-11,7,2015-07-06,5,2.0,0,1,0,61.5,8-30 days,4-7 nights,couple
177,Resort Hotel,0,34,2015,July,28,6,1,4,2,0.0,0,HB,PRT,Direct,Direct,0,0,0,F,F,0,No Deposit,250.0,0.0,0,Transient,175.0,1,0,Check-Out,2015-07-11,7,2015-07-06,5,2.0,0,1,0,87.5,31-90 days,4-7 nights,couple
178,Resort Hotel,0,98,2015,July,28,6,1,5,2,0.0,0,HB,ESP,Online TA,TA/TO,0,0,0,A,C,0,No Deposit,240.0,0.0,0,Transient,117.8,1,1,Check-Out,2015-07-12,7,2015-07-06,6,2.0,0,1,0,58.9,91-180 days,4-7 nights,couple
179,Resort Hotel,0,104,2015,July,28,6,1,5,2,0.0,0,BB,PRT,Online TA,TA/TO,0,0,0,E,E,1,No Deposit,240.0,0.0,0,Transient,117.63,0,0,Check-Out,2015-07-12,7,2015-07-06,6,2.0,0,1,0,58.815,91-180 days,4-7 nights,couple
180,Resort Hotel,0,68,2015,July,28,6,2,5,2,2.0,0,HB,PRT,Online TA,TA/TO,0,0,0,G,G,0,No Deposit,240.0,0.0,0,Transient,185.0,0,0,Check-Out,2015-07-13,7,2015-07-06,7,4.0,1,1,0,46.25,31-90 days,4-7 nights,family
181,Resort Hotel,1,86,2015,July,28,6,2,5,1,0.0,0,HB,PRT,Offline TA/TO,TA/TO,0,0,0,A,A,0,No Deposit,175.0,0.0,0,Transient,71.0,0,1,Canceled,2015-06-26,7,2015-07-06,7,1.0,0,1,0,71.0,31-90 days,4-7 nights,solo
182,Resort Hotel,0,258,2015,July,28,6,2,5,2,0.0,0,BB,GBR,Offline TA/TO,TA/TO,0,0,0,A,A,0,No Deposit,2.0,0.0,0,Contract,47.25,0,0,Check-Out,2015-07-13,7,2015-07-06,7,2.0,0,1,0,23.625,181+ days,4-7 nights,couple
183,Resort Hotel,0,111,2015,July,28,6,3,5,2,0.0,0,HB,PRT,Online TA,TA/TO,0,0,0,A,C,0,No Deposit,240.0,0.0,0,Transient,151.0,0,1,Check-Out,2015-07-14,7,2015-07-06,8,2.0,0,1,0,75.5,91-180 days,8-14 nights,couple
184,Resort Hotel,1,94,2015,July,28,6,3,7,2,0.0,0,BB,PRT,Online TA,TA/TO,0,0,0,D,D,0,No Deposit,240.0,0.0,0,Transient,87.3,0,0,Canceled,2015-05-14,7,2015-07-06,10,2.0,0,1,0,43.65,91-180 days,8-14 nights,couple
185,Resort Hotel,0,112,2015,July,28,6,3,7,2,0.0,0,BB,GBR,Offline TA/TO,TA/TO,0,0,0,A,A,0,No Deposit,242.0,0.0,0,Transient,120.6,0,1,Check-Out,2015-07-16,7,2015-07-06,10,2.0,0,1,0,60.3,91-180 days,8-14 nights,couple
186,Resort Hotel,0,100,2015,July,28,6,3,7,2,0.0,0,BB,GBR,Offline TA/TO,TA/TO,0,0,0,D,D,1,No Deposit,241.0,0.0,0,Transient,63.86,0,1,Check-Out,2015-07-16,7,2015-07-06,10,2.0,0,1,0,31.93,91-180 days,8-14 nights,couple
187,Resort Hotel,0,33,2015,July,28,6,3,7,2,0.0,0,HB,PRT,Direct,Direct,0,0,0,F,F,5,No Deposit,250.0,0.0,0,Transient,157.1,0,1,Check-Out,2015-07-16,7,2015-07-06,10,2.0,0,1,0,78.55,31-90 days,8-14 nights,couple
188,Resort Hotel,0,97,2015,July,28,6,3,7,2,0.0,0,HB,GBR,Offline TA/TO,TA/TO,0,0,0,D,D,0,No Deposit,156.0,0.0,0,Contract,91.37,0,2,Check-Out,2015-07-16,7,2015-07-06,10,2.0,0,1,0,45.685,91-180 days,8-14 nights,couple
189,Resort Hotel,0,80,2015,July,28,6,3,8,1,0.0,0,BB,FRA,Direct,Direct,0,0,0,A,A,1,No Deposit,0.0,0.0,0,Transient,73.0,0,0,Check-Out,2015-07-17,7,2015-07-06,11,1.0,0,0,0,73.0,31-90 days,8-14 nights,solo
190,Resort Hotel,0,90,2015,July,28,6,4,10,2,0.0,0,BB,ITA,Offline TA/TO,TA/TO,0,0,0,D,D,0,No Deposit,8.0,0.0,0,Contract,110.7,0,0,Check-Out,2015-07-20,7,2015-07-06,14,2.0,0,1,0,55.35,31-90 days,8-14 nights,couple
191,Resort Hotel,0,111,2015,July,28,6,4,10,2,0.0,0,BB,GBR,Offline TA/TO,TA/TO,0,0,0,A,A,0,No Deposit,40.0,0.0,0,Contract,93.6,0,0,Check-Out,2015-07-20,7,2015-07-06,14,2.0,0,1,0,46.8,91-180 days,8-14 nights,couple
192,Resort Hotel,0,65,2015,July,28,6,2,5,2,0.0,0,BB,PRT,Offline TA/TO,TA/TO,0,0,0,D,D,0,No Deposit,127.0,0.0,0,Transient,83.5,0,0,Check-Out,2015-07-13,7,2015-07-06,7,2.0,0,1,0,41.75,31-90 days,4-7 nights,couple
193,Resort Hotel,1,67,2015,July,28,7,0,2,2,0.0,0,BB,PRT,Online TA,TA/TO,0,0,0,A,A,0,No Deposit,240.0,0.0,0,Transient,73.8,0,1,Canceled,2015-05-07,7,2015-07-07,2,2.0,0,1,0,36.9,31-90 days,2-3 nights,couple
194,Resort Hotel,0,55,2015,July,28,7,0,3,2,0.0,0,BB,ESP,Online TA,TA/TO,0,0,0,A,A,0,No Deposit,240.0,0.0,0,Transient,82.0,1,2,Check-Out,2015-07-10,7,2015-07-07,3,2.0,0,1,0,41.0,31-90 days,2-3 nights,couple
195,Resort Hotel,0,21,2015,July,28,7,0,3,2,1.0,0,HB,PRT,Direct,Direct,0,0,0,F,F,0,No Deposit,250.0,0.0,0,Transient,185.5,0,1,Check-Out,2015-07-10,7,2015-07-07,3,3.0,1,1,0,61.833333333333336,8-30 days,2-3 nights,family
196,Resort Hotel,0,8,2015,July,28,7,0,0,2,0.0,0,BB,PRT,Direct,Direct,0,0,0,A,A,0,No Deposit,0.0,0.0,0,Transient,0.0,0,1,Check-Out,2015-07-07,7,2015-07-07,0,2.0,0,0,0,0.0,8-30 days,0-1 nights,couple
197,Resort Hotel,0,8,2015,July,28,7,0,0,2,0.0,0,BB,PRT,Online TA,TA/TO,0,0,0,A,E,0,No Deposit,240.0,0.0,0,Transient,0.0,0,1,Check-Out,2015-07-07,7,2015-07-07,0,2.0,0,1,0,0.0,8-30 days,0-1 nights,couple
198,Resort Hotel,0,0,2015,July,28,7,0,1,1,0.0,0,BB,GBR,Online TA,TA/TO,0,0,0,A,A,0,No Deposit,240.0,0.0,0,Transient,109.8,0,3,Check-Out,2015-07-08,7,2015-07-07,1,1.0,0,1,0,109.8,0-7 days,0-1 nights,solo
199,Resort Hotel,0,0,2015,July,28,7,0,1,3,0.0,0,HB,PRT,Direct,Direct,0,0,0,C,C,0,No Deposit,0.0,0.0,0,Transient,195.0,1,0,Check-Out,2015-07-08,7,2015-07-07,1,3.0,0,0,0,65.0,0-7 days,0-1 nights,group
200,Resort Hotel,0,0,2015,July,28,7,0,1,1,0.0,0,BB,GBR,Online TA,TA/TO,0,0,0,A,A,0,No Deposit,240.0,0.0,0,Transient,109.8,0,3,Check-Out,2015-07-08,7,2015-07-07,1,1.0,0,1,0,109.8,0-7 days,0-1 nights,solo
201,Resort Hotel,0,8,2015,July,28,7,0,4,3,2.0,0,BB,ESP,Online TA,TA/TO,0,0,0,H,H,2,No Deposit,240.0,0.0,0,Transient,193.0,0,1,Check-Out,2015-07-11,7,2015-07-07,4,5.0,1,1,0,38.6,8-30 days,4-7 nights,family
202,Resort Hotel,0,66,2015,July,28,7,0,4,2,0.0,0,BB,PRT,Online TA,TA/TO,0,0,0,D,D,0,No Deposit,240.0,0.0,0,Transient,97.0,0,2,Check-Out,2015-07-11,7,2015-07-07,4,2.0,0,1,0,48.5,31-90 days,4-7 nights,couple
203,Resort Hotel,0,88,2015,July,28,7,0,4,3,0.0,0,HB,USA,Offline TA/TO,TA/TO,0,0,0,D,E,0,No Deposit,95.0,0.0,0,Transient,150.0,0,1,Check-Out,2015-07-11,7,2015-07-07,4,3.0,0,1,0,50.0,31-90 days,4-7 nights,group
204,Resort Hotel,0,0,2015,July,28,7,0,4,2,0.0,0,BB,NLD,Direct,Direct,0,0,0,A,A,2,No Deposit,0.0,0.0,0,Transient,98.0,0,0,Check-Out,2015-07-11,7,2015-07-07,4,2.0,0,0,0,49.0,0-7 days,4-7 nights,couple
205,Resort Hotel,1,43,2015,July,28,7,0,5,2,0.0,0,HB,PRT,Offline TA/TO,TA/TO,0,0,0,A,A,0,No Deposit,134.0,0.0,0,Transient,91.5,0,0,Canceled,2015-05-28,7,2015-07-07,5,2.0,0,1,0,45.75,31-90 days,4-7 nights,couple
206,Resort Hotel,1,88,2015,July,28,7,2,5,2,0.0,0,HB,PRT,Online TA,TA/TO,0,0,0,E,E,0,No Deposit,240.0,0.0,0,Transient,139.0,0,2,Canceled,2015-04-13,7,2015-07-07,7,2.0,0,1,0,69.5,31-90 days,4-7 nights,couple
207,Resort Hotel,0,54,2015,July,28,7,2,5,2,0.0,0,BB,IRL,Offline TA/TO,TA/TO,0,0,0,D,D,0,No Deposit,8.0,0.0,0,Transient,79.5,0,0,Check-Out,2015-07-14,7,2015-07-07,7,2.0,0,1,0,39.75,31-90 days,4-7 nights,couple
208,Resort Hotel,1,292,2015,July,28,7,2,5,2,0.0,0,BB,PRT,Offline TA/TO,TA/TO,0,0,0,A,A,0,No Deposit,2.0,0.0,0,Contract,47.25,0,0,Canceled,2015-03-25,7,2015-07-07,7,2.0,0,1,0,23.625,181+ days,4-7 nights,couple
209,Resort Hotel,0,112,2015,July,28,7,4,10,2,0.0,0,HB,IRL,Offline TA/TO,TA/TO,0,0,0,D,D,0,No Deposit,156.0,0.0,0,Contract,126.65,0,1,Check-Out,2015-07-21,7,2015-07-07,14,2.0,0,1,0,63.325,91-180 days,8-14 nights,couple
210,Resort Hotel,0,68,2015,July,28,8,0,3,2,0.0,0,BB,GBR,Online TA,TA/TO,0,0,0,E,E,0,No Deposit,240.0,0.0,0,Transient,107.0,0,1,Check-Out,2015-07-11,7,2015-07-08,3,2.0,0,1,0,53.5,31-90 days,2-3 nights,couple
211,Resort Hotel,0,7,2015,July,28,8,0,4,2,0.0,0,BB,PRT,Online TA,TA/TO,0,0,0,A,A,0,No Deposit,240.0,0.0,0,Transient,131.0,1,2,Check-Out,2015-07-12,7,2015-07-08,4,2.0,0,1,0,65.5,0-7 days,4-7 nights,couple
212,Resort Hotel,0,1,2015,July,28,8,0,4,2,0.0,0,BB,ESP,Online TA,TA/TO,0,0,0,A,A,0,No Deposit,240.0,0.0,0,Transient,131.0,1,1,Check-Out,2015-07-12,7,2015-07-08,4,2.0,0,1,0,65.5,0-7 days,4-7 nights,couple
213,Resort Hotel,1,113,2015,July,28,8,0,4,2,0.0,0,BB,PRT,Online TA,TA/TO,0,0,0,A,A,0,No Deposit,240.0,0.0,0,Transient,123.0,0,1,Canceled,2015-05-28,7,2015-07-08,4,2.0,0,1,0,61.5,91-180 days,4-7 nights,couple
214,Resort Hotel,0,5,2015,July,28,8,0,4,2,0.0,0,BB,ESP,Online TA,TA/TO,0,0,0,D,D,0,No Deposit,240.0,0.0,0,Transient,146.0,0,1,Check-Out,2015-07-12,7,2015-07-08,4,2.0,0,1,0,73.0,0-7 days,4-7 nights,couple
215,Resort Hotel,0,83,2015,July,28,8,0,4,2,0.0,0,BB,PRT,Offline TA/TO,TA/TO,0,0,0,A,A,0,No Deposit,105.0,0.0,0,Transient,110.7,0,1,Check-Out,2015-07-12,7,2015-07-08,4,2.0,0,1,0,55.35,31-90 days,4-7 nights,couple
216,Resort Hotel,1,105,2015,July,28,8,0,4,2,0.0,0,BB,PRT,Online TA,TA/TO,0,0,0,A,A,0,No Deposit,240.0,0.0,0,Transient,73.8,0,1,Canceled,2015-06-29,7,2015-07-08,4,2.0,0,1,0,36.9,91-180 days,4-7 nights,couple
217,Resort Hotel,0,0,2015,July,28,8,0,1,1,0.0,0,BB,PRT,Offline TA/TO,TA/TO,0,0,0,A,A,0,No Deposit,146.0,0.0,0,Transient,61.0,0,0,Check-Out,2015-07-09,7,2015-07-08,1,1.0,0,1,0,61.0,0-7 days,0-1 nights,solo
218,Resort Hotel,1,1,2015,July,28,8,0,1,2,0.0,0,BB,PRT,Corporate,Corporate,0,0,0,A,A,0,No Deposit,0.0,110.0,0,Transient,104.72,0,1,Canceled,2015-07-08,7,2015-07-08,1,2.0,0,0,1,52.36,0-7 days,0-1 nights,couple
219,Resort Hotel,1,1,2015,July,28,8,0,1,2,0.0,0,BB,PRT,Corporate,Corporate,0,0,0,A,A,0,No Deposit,0.0,110.0,0,Transient,104.72,0,1,Canceled,2015-07-08,7,2015-07-08,1,2.0,0,0,1,52.36,0-7 days,0-1 nights,couple
220,Resort Hotel,0,1,2015,July,28,8,0,2,2,0.0,0,BB,CHE,Corporate,Corporate,0,0,0,A,F,0,No Deposit,0.0,110.0,0,Transient,104.72,1,1,Check-Out,2015-07-10,7,2015-07-08,2,2.0,0,0,1,52.36,0-7 days,2-3 nights,couple
221,Resort Hotel,1,102,2015,July,28,8,1,4,2,0.0,0,BB,PRT,Direct,Direct,0,0,0,A,A,0,No Deposit,9.0,0.0,0,Transient,66.42,0,1,Canceled,2015-05-28,7,2015-07-08,5,2.0,0,1,0,33.21,91-180 days,4-7 nights,couple
222,Resort Hotel,0,113,2015,July,28,8,2,4,2,0.0,0,BB,PRT,Direct,Direct,0,0,0,E,E,1,No Deposit,250.0,0.0,0,Transient,77.96,1,1,Check-Out,2015-07-14,7,2015-07-08,6,2.0,0,1,0,38.98,91-180 days,4-7 nights,couple
223,Resort Hotel,1,280,2015,July,28,8,2,5,2,1.0,0,HB,PRT,Offline TA/TO,TA/TO,0,0,0,D,D,0,No Deposit,40.0,0.0,0,Contract,112.0,0,1,Canceled,2015-04-15,7,2015-07-08,7,3.0,1,1,0,37.333333333333336,181+ days,4-7 nights,family
224,Resort Hotel,0,96,2015,July,28,8,2,5,2,0.0,0,BB,GBR,Online TA,TA/TO,0,0,0,E,F,0,No Deposit,240.0,0.0,0,Transient,107.0,0,1,Check-Out,2015-07-15,7,2015-07-08,7,2.0,0,1,0,53.5,91-180 days,4-7 nights,couple
225,Resort Hotel,0,394,2015,July,28,8,2,5,2,0.0,0,HB,GBR,Offline TA/TO,TA/TO,0,0,0,D,D,0,No Deposit,40.0,0.0,0,Contract,89.68,0,0,Check-Out,2015-07-15,7,2015-07-08,7,2.0,0,1,0,44.84,181+ days,4-7 nights,couple
226,Resort Hotel,0,33,2015,July,28,8,2,5,2,0.0,0,HB,PRT,Online TA,TA/TO,0,0,0,E,E,0,No Deposit,240.0,0.0,0,Transient,155.0,0,0,Check-Out,2015-07-15,7,2015-07-08,7,2.0,0,1,0,77.5,31-90 days,4-7 nights,couple
227,Resort Hotel,0,82,2015,July,28,8,2,6,3,0.0,0,BB,IRL,Direct,Direct,0,0,0,A,A,0,No Deposit,250.0,0.0,0,Transient,112.0,0,1,Check-Out,2015-07-16,7,2015-07-08,8,3.0,0,1,0,37.333333333333336,31-90 days,8-14 nights,group
228,Resort Hotel,0,100,2015,July,28,8,2,7,3,0.0,0,BB,DNK,Online TA,TA/TO,0,0,0,E,E,1,No Deposit,240.0,0.0,0,Transient-Party,130.1,0,3,Check-Out,2015-07-17,7,2015-07-08,9,3.0,0,1,0,43.36666666666667,91-180 days,8-14 nights,group
229,Resort Hotel,0,100,2015,July,28,8,2,7,2,0.0,0,BB,DNK,Online TA,TA/TO,0,0,0,E,E,0,No Deposit,240.0,0.0,0,Transient-Party,100.1,0,2,Check-Out,2015-07-17,7,2015-07-08,9,2.0,0,1,0,50.05,91-180 days,8-14 nights,couple
230,Resort Hotel,0,17,2015,July,28,9,0,1,2,2.0,0,BB,PRT,Online TA,TA/TO,0,0,0,C,C,0,No Deposit,242.0,0.0,0,Transient,123.0,0,3,Check-Out,2015-07-10,7,2015-07-09,1,4.0,1,1,0,30.75,8-30 days,0-1 nights,family
231,Resort Hotel,0,68,2015,July,28,9,0,2,3,0.0,0,BB,ARG,Direct,Direct,0,0,0,A,C,0,No Deposit,250.0,0.0,0,Transient,124.0,1,1,Check-Out,2015-07-11,7,2015-07-09,2,3.0,0,1,0,41.333333333333336,31-90 days,2-3 nights,group
232,Resort Hotel,0,12,2015,July,28,9,0,2,2,2.0,0,BB,PRT,Direct,Direct,0,0,0,H,G,2,No Deposit,0.0,0.0,0,Transient,146.0,1,0,Check-Out,2015-07-11,7,2015-07-09,2,4.0,1,0,0,36.5,8-30 days,2-3 nights,family
233,Resort Hotel,1,77,2015,July,28,9,0,3,2,0.0,0,BB,PRT,Direct,Direct,0,0,0,D,D,0,No Deposit,250.0,0.0,0,Transient,97.0,0,0,Canceled,2015-06-02,7,2015-07-09,3,2.0,0,1,0,48.5,31-90 days,2-3 nights,couple
234,Resort Hotel,1,24,2015,July,28,9,0,3,2,2.0,0,BB,PRT,Online TA,TA/TO,0,0,0,C,C,0,No Deposit,242.0,0.0,0,Transient,123.0,0,1,Canceled,2015-06-16,7,2015-07-09,3,4.0,1,1,0,30.75,8-30 days,2-3 nights,family
235,Resort Hotel,1,44,2015,July,28,9,0,3,2,2.0,0,BB,PRT,Online TA,TA/TO,0,0,0,G,G,0,No Deposit,240.0,0.0,0,Transient,153.0,0,0,Canceled,2015-06-16,7,2015-07-09,3,4.0,1,1,0,38.25,31-90 days,2-3 nights,family
236,Resort Hotel,0,78,2015,July,28,9,0,3,2,0.0,1,BB,PRT,Online TA,TA/TO,0,0,0,A,A,0,No Deposit,240.0,0.0,0,Transient,82.0,0,2,Check-Out,2015-07-12,7,2015-07-09,3,3.0,1,1,0,27.333333333333332,31-90 days,2-3 nights,family
237,Resort Hotel,1,17,2015,July,28,9,1,3,2,0.0,0,BB,PRT,Online TA,TA/TO,0,0,0,A,A,0,No Deposit,240.0,0.0,0,Transient,105.08,0,0,Canceled,2015-06-23,7,2015-07-09,4,2.0,0,1,0,52.54,8-30 days,4-7 nights,couple
238,Resort Hotel,1,103,2015,July,28,9,1,3,2,0.0,0,BB,PRT,Online TA,TA/TO,0,0,0,A,A,0,No Deposit,240.0,0.0,0,Transient,65.42,0,0,Canceled,2015-06-27,7,2015-07-09,4,2.0,0,1,0,32.71,91-180 days,4-7 nights,couple
239,Resort Hotel,0,16,2015,July,28,9,1,3,1,0.0,0,BB,RUS,Direct,Direct,0,0,0,A,A,0,No Deposit,250.0,0.0,0,Transient,98.0,0,1,Check-Out,2015-07-13,7,2015-07-09,4,1.0,0,1,0,98.0,8-30 days,4-7 nights,solo
240,Resort Hotel,0,14,2015,July,28,9,2,3,2,0.0,0,BB,SWE,Online TA,TA/TO,0,0,0,A,A,0,No Deposit,241.0,0.0,0,Transient,75.46,1,1,Check-Out,2015-07-14,7,2015-07-09,5,2.0,0,1,0,37.73,8-30 days,4-7 nights,couple
241,Resort Hotel,0,77,2015,July,28,9,2,3,2,0.0,0,BB,POL,Offline TA/TO,TA/TO,0,0,0,A,A,0,No Deposit,177.0,0.0,0,Transient,65.5,0,0,Check-Out,2015-07-14,7,2015-07-09,5,2.0,0,1,0,32.75,31-90 days,4-7 nights,couple
242,Resort Hotel,0,90,2015,July,28,9,2,5,2,0.0,0,BB,FRA,Offline TA/TO,TA/TO,0,0,0,A,D,0,No Deposit,6.0,0.0,0,Transient,90.95,0,0,Check-Out,2015-07-16,7,2015-07-09,7,2.0,0,1,0,45.475,31-90 days,4-7 nights,couple
243,Resort Hotel,0,90,2015,July,28,9,2,5,2,0.0,0,BB,GBR,Offline TA/TO,TA/TO,0,0,0,A,A,0,No Deposit,40.0,0.0,0,Contract,93.6,0,0,Check-Out,2015-07-16,7,2015-07-09,7,2.0,0,1,0,46.8,31-90 days,4-7 nights,couple
244,Resort Hotel,0,90,2015,July,28,9,2,5,2,0.0,0,BB,GBR,Offline TA/TO,TA/TO,0,0,0,E,E,0,No Deposit,143.0,0.0,0,Contract,119.25,0,0,Check-Out,2015-07-16,7,2015-07-09,7,2.0,0,1,0,59.625,31-90 days,4-7 nights,couple
245,Resort Hotel,0,366,2015,July,28,9,2,5,2,0.0,0,HB,GBR,Offline TA/TO,TA/TO,0,0,0,E,E,0,No Deposit,40.0,0.0,0,Contract,134.73,0,0,Check-Out,2015-07-16,7,2015-07-09,7,2.0,0,1,0,67.365,181+ days,4-7 nights,couple
246,Resort Hotel,0,249,2015,July,28,9,2,5,2,0.0,0,HB,PRT,Online TA,TA/TO,0,0,0,A,A,0,No Deposit,240.0,0.0,0,Transient,112.0,0,1,Check-Out,2015-07-16,7,2015-07-09,7,2.0,0,1,0,56.0,181+ days,4-7 nights,couple
247,Resort Hotel,1,69,2015,July,28,9,2,6,2,0.0,0,HB,PRT,Online TA,TA/TO,0,0,0,A,A,0,No Deposit,240.0,0.0,0,Transient,118.13,0,2,Canceled,2015-05-13,7,2015-07-09,8,2.0,0,1,0,59.065,31-90 days,8-14 nights,couple
248,Resort Hotel,0,10,2015,July,28,10,0,1,2,0.0,0,BB,USA,Direct,Direct,0,0,0,A,A,0,No Deposit,250.0,0.0,0,Transient,131.0,0,0,Check-Out,2015-07-11,7,2015-07-10,1,2.0,0,1,0,65.5,8-30 days,0-1 nights,couple
249,Resort Hotel,0,22,2015,July,28,10,0,2,2,0.0,0,BB,PRT,Online TA,TA/TO,0,0,0,A,A,0,No Deposit,240.0,0.0,0,Transient,88.2,0,0,Check-Out,2015-07-12,7,2015-07-10,2,2.0,0,1,0,44.1,8-30 days,2-3 nights,couple
250,Resort Hotel,0,91,2015,July,28,10,0,2,2,0.0,0,BB,PRT,Online TA,TA/TO,0,0,0,A,A,0,No Deposit,240.0,0.0,0,Transient,73.8,0,1,Check-Out,2015-07-12,7,2015-07-10,2,2.0,0,1,0,36.9,91-180 days,2-3 nights,couple
251,Resort Hotel,0,23,2015,July,28,10,0,2,2,0.0,0,BB,PRT,Online TA,TA/TO,0,0,0,A,A,0,No Deposit,240.0,0.0,0,Transient,98.0,0,0,Check-Out,2015-07-12,7,2015-07-10,2,2.0,0,1,0,49.0,8-30 days,2-3 nights,couple
252,Resort Hotel,0,11,2015,July,28,10,0,2,2,0.0,0,BB,PRT,Online TA,TA/TO,0,0,0,A,A,0,No Deposit,240.0,0.0,0,Transient,110.5,0,1,Check-Out,2015-07-12,7,2015-07-10,2,2.0,0,1,0,55.25,8-30 days,2-3 nights,couple
253,Resort Hotel,0,3,2015,July,28,10,0,2,2,0.0,0,BB,PRT,Online TA,TA/TO,0,0,0,A,A,0,No Deposit,240.0,0.0,0,Transient,131.0,0,1,Check-Out,2015-07-12,7,2015-07-10,2,2.0,0,1,0,65.5,0-7 days,2-3 nights,couple
254,Resort Hotel,0,13,2015,July,28,10,0,2,2,1.0,0,HB,PRT,Online TA,TA/TO,0,0,0,G,G,2,No Deposit,240.0,0.0,0,Transient,185.0,1,1,Check-Out,2015-07-12,7,2015-07-10,2,3.0,1,1,0,61.666666666666664,8-30 days,2-3 nights,family
255,Resort Hotel,0,108,2015,July,28,10,0,2,2,0.0,0,BB,PRT,Online TA,TA/TO,0,0,0,D,D,1,No Deposit,240.0,0.0,0,Transient,87.3,0,2,Check-Out,2015-07-12,7,2015-07-10,2,2.0,0,1,0,43.65,91-180 days,2-3 nights,couple
256,Resort Hotel,0,91,2015,July,28,10,0,2,2,0.0,0,BB,PRT,Online TA,TA/TO,0,0,0,A,A,0,No Deposit,240.0,0.0,0,Transient,73.8,0,1,Check-Out,2015-07-12,7,2015-07-10,2,2.0,0,1,0,36.9,91-180 days,2-3 nights,couple
257,Resort Hotel,0,37,2015,July,28,10,1,2,2,0.0,0,BB,GBR,Online TA,TA/TO,0,0,0,C,C,0,No Deposit,105.0,0.0,0,Transient,120.0,0,1,Check-Out,2015-07-13,7,2015-07-10,3,2.0,0,1,0,60.0,31-90 days,2-3 nights,couple
258,Resort Hotel,0,21,2015,July,28,10,1,2,2,0.0,0,BB,AUS,Direct,Direct,0,0,0,A,C,0,No Deposit,250.0,0.0,0,Transient,98.0,0,1,Check-Out,2015-07-13,7,2015-07-10,3,2.0,0,1,0,49.0,8-30 days,2-3 nights,couple
259,Resort Hotel,0,106,2015,July,28,10,1,2,2,0.0,0,BB,GBR,Online TA,TA/TO,0,0,0,E,E,0,No Deposit,240.0,0.0,0,Transient,96.3,0,2,Check-Out,2015-07-13,7,2015-07-10,3,2.0,0,1,0,48.15,91-180 days,2-3 nights,couple
260,Resort Hotel,0,30,2015,July,28,10,2,2,2,0.0,0,FB,PRT,Direct,Direct,0,0,0,F,F,0,No Deposit,0.0,0.0,0,Transient-Party,197.0,0,1,Check-Out,2015-07-14,7,2015-07-10,4,2.0,0,0,0,98.5,8-30 days,4-7 nights,couple
261,Resort Hotel,0,30,2015,July,28,10,2,2,2,0.0,0,FB,PRT,Direct,Direct,0,0,0,F,F,0,No Deposit,0.0,0.0,0,Transient-Party,197.0,0,1,Check-Out,2015-07-14,7,2015-07-10,4,2.0,0,0,0,98.5,8-30 days,4-7 nights,couple
262,Resort Hotel,1,51,2015,July,28,10,2,3,2,0.0,0,BB,PRT,Online TA,TA/TO,0,0,0,E,E,0,No Deposit,240.0,0.0,0,Transient,123.0,0,0,Canceled,2015-06-29,7,2015-07-10,5,2.0,0,1,0,61.5,31-90 days,4-7 nights,couple
263,Resort Hotel,0,79,2015,July,28,10,2,3,2,0.0,0,BB,POL,Online TA,TA/TO,0,0,0,A,A,0,No Deposit,240.0,0.0,0,Transient,82.0,0,2,Check-Out,2015-07-15,7,2015-07-10,5,2.0,0,1,0,41.0,31-90 days,4-7 nights,couple
264,Resort Hotel,0,21,2015,July,28,10,2,3,2,0.0,2,HB,PRT,Direct,Direct,0,0,0,C,C,1,No Deposit,250.0,0.0,0,Transient,165.0,1,3,Check-Out,2015-07-15,7,2015-07-10,5,4.0,1,1,0,41.25,8-30 days,4-7 nights,family
265,Resort Hotel,0,35,2015,July,28,10,2,3,2,2.0,0,BB,EST,Online TA,TA/TO,0,0,0,G,G,0,No Deposit,240.0,0.0,0,Transient,149.4,0,0,Check-Out,2015-07-15,7,2015-07-10,5,4.0,1,1,0,37.35,31-90 days,4-7 nights,family
266,Resort Hotel,0,78,2015,July,28,10,2,5,2,0.0,0,HB,PRT,Online TA,TA/TO,0,0,0,A,A,1,No Deposit,240.0,0.0,0,Transient,106.84,1,2,Check-Out,2015-07-17,7,2015-07-10,7,2.0,0,1,0,53.42,31-90 days,4-7 nights,couple
267,Resort Hotel,0,31,2015,July,28,10,2,5,2,0.0,0,HB,PRT,Direct,Direct,0,0,0,D,D,1,No Deposit,250.0,0.0,0,Transient,161.0,1,1,Check-Out,2015-07-17,7,2015-07-10,7,2.0,0,1,0,80.5,31-90 days,4-7 nights,couple
268,Resort Hotel,0,78,2015,July,28,10,2,5,2,0.0,0,HB,PRT,Online TA,TA/TO,0,0,0,D,D,1,No Deposit,240.0,0.0,0,Transient,134.43,0,2,Check-Out,2015-07-17,7,2015-07-10,7,2.0,0,1,0,67.215,31-90 days,4-7 nights,couple
269,Resort Hotel,0,78,2015,July,28,10,2,5,2,0.0,0,HB,PRT,Online TA,TA/TO,0,0,0,E,E,1,No Deposit,240.0,0.0,0,Transient,144.43,1,2,Check-Out,2015-07-17,7,2015-07-10,7,2.0,0,1,0,72.215,31-90 days,4-7 nights,couple
270,Resort Hotel,0,44,2015,July,28,10,2,5,1,0.0,0,HB,RUS,Offline TA/TO,TA/TO,0,0,0,E,E,2,No Deposit,244.0,0.0,0,Transient,152.0,0,0,Check-Out,2015-07-17,7,2015-07-10,7,1.0,0,1,0,152.0,31-90 days,4-7 nights,solo
271,Resort Hotel,0,34,2015,July,28,10,2,5,2,1.0,0,HB,GBR,Online TA,TA/TO,0,0,0,F,F,0,No Deposit,241.0,0.0,0,Transient,125.54,0,3,Check-Out,2015-07-17,7,2015-07-10,7,3.0,1,1,0,41.84666666666667,31-90 days,4-7 nights,family
272,Resort Hotel,0,87,2015,July,28,10,2,5,2,1.0,1,FB,PRT,Offline TA/TO,TA/TO,0,0,0,C,C,0,No Deposit,5.0,0.0,0,Transient,133.83,0,2,Check-Out,2015-07-17,7,2015-07-10,7,4.0,1,1,0,33.4575,31-90 days,4-7 nights,family
273,Resort Hotel,0,11,2015,July,28,10,2,6,3,1.0,0,BB,PRT,Direct,Direct,0,0,0,C,C,0,No Deposit,250.0,0.0,0,Transient,159.75,1,0,Check-Out,2015-07-18,7,2015-07-10,8,4.0,1,1,0,39.9375,8-30 days,8-14 nights,family
274,Resort Hotel,0,115,2015,July,28,10,2,7,2,0.0,0,BB,IRL,Online TA,TA/TO,0,0,0,A,A,0,No Deposit,240.0,0.0,0,Transient,120.6,0,2,Check-Out,2015-07-19,7,2015-07-10,9,2.0,0,1,0,60.3,91-180 days,8-14 nights,couple
275,Resort Hotel,0,86,2015,July,28,10,3,7,2,0.0,0,BB,PRT,Online TA,TA/TO,0,0,0,D,D,0,No Deposit,240.0,0.0,0,Transient,112.2,0,0,Check-Out,2015-07-20,7,2015-07-10,10,2.0,0,1,0,56.1,31-90 days,8-14 nights,couple
276,Resort Hotel,0,41,2015,July,28,10,4,7,2,0.0,1,BB,GBR,Online TA,TA/TO,0,0,0,F,F,0,No Deposit,241.0,0.0,0,Transient,110.6,0,0,Check-Out,2015-07-21,7,2015-07-10,11,3.0,1,1,0,36.86666666666667,31-90 days,8-14 nights,family
277,Resort Hotel,0,32,2015,July,28,10,4,9,2,0.0,0,BB,DNK,Online TA,TA/TO,0,0,0,C,C,0,No Deposit,241.0,0.0,0,Transient,105.9,0,0,Check-Out,2015-07-23,7,2015-07-10,13,2.0,0,1,0,52.95,31-90 days,8-14 nights,couple
278,Resort Hotel,0,34,2015,July,28,10,2,5,2,1.0,0,HB,GBR,Online TA,TA/TO,0,0,0,D,D,0,No Deposit,241.0,0.0,0,Transient,95.27,0,3,Check-Out,2015-07-17,7,2015-07-10,7,3.0,1,1,0,31.756666666666664,31-90 days,4-7 nights,family
279,Resort Hotel,0,34,2015,July,28,10,2,5,2,0.0,0,HB,GBR,Online TA,TA/TO,0,0,0,F,F,0,No Deposit,241.0,0.0,0,Transient,108.83,0,1,Check-Out,2015-07-17,7,2015-07-10,7,2.0,0,1,0,54.415,31-90 days,4-7 nights,couple
280,Resort Hotel,1,100,2015,July,28,11,2,3,2,1.0,0,HB,PRT,Offline TA/TO,TA/TO,0,0,0,A,A,0,No Deposit,149.0,0.0,0,Transient,153.96,0,0,Canceled,2015-05-29,7,2015-07-11,5,3.0,1,1,0,51.32,91-180 days,4-7 nights,family
281,Resort Hotel,0,44,2015,July,28,11,2,3,2,0.0,0,BB,ESP,Online TA,TA/TO,0,0,0,A,A,0,No Deposit,240.0,0.0,0,Transient,120.6,0,0,Check-Out,2015-07-16,7,2015-07-11,5,2.0,0,1,0,60.3,31-90 days,4-7 nights,couple
282,Resort Hotel,0,304,2015,July,28,11,2,4,2,0.0,1,BB,PRT,Direct,TA/TO,0,0,0,A,A,1,No Deposit,240.0,0.0,0,Transient,90.67,0,1,Check-Out,2015-07-17,7,2015-07-11,6,3.0,1,1,0,30.223333333333333,181+ days,4-7 nights,family
283,Resort Hotel,1,36,2015,July,28,11,2,4,2,0.0,0,BB,PRT,Online TA,TA/TO,0,0,0,E,E,0,No Deposit,240.0,0.0,0,Transient,126.67,0,0,Canceled,2015-06-08,7,2015-07-11,6,2.0,0,1,0,63.335,31-90 days,4-7 nights,couple
284,Resort Hotel,0,117,2015,July,28,11,2,4,3,0.0,0,HB,PRT,Offline TA/TO,TA/TO,0,0,0,D,D,0,No Deposit,15.0,0.0,0,Transient,144.4,0,1,Check-Out,2015-07-17,7,2015-07-11,6,3.0,0,1,0,48.13333333333333,91-180 days,4-7 nights,group
285,Resort Hotel,0,70,2015,July,28,11,2,4,2,0.0,0,BB,ESP,Online TA,TA/TO,0,0,0,A,A,0,No Deposit,240.0,0.0,0,Transient,99.5,1,2,Check-Out,2015-07-17,7,2015-07-11,6,2.0,0,1,0,49.75,31-90 days,4-7 nights,couple
286,Resort Hotel,0,110,2015,July,28,11,2,5,2,0.0,0,BB,PRT,Direct,Direct,0,0,0,E,E,0,No Deposit,250.0,0.0,0,Transient,139.4,0,1,Check-Out,2015-07-18,7,2015-07-11,7,2.0,0,1,0,69.7,91-180 days,4-7 nights,couple
287,Resort Hotel,1,109,2015,July,28,11,2,5,2,0.0,0,BB,PRT,Online TA,TA/TO,0,0,0,A,A,0,No Deposit,240.0,0.0,0,Transient,73.8,0,1,Canceled,2015-04-22,7,2015-07-11,7,2.0,0,1,0,36.9,91-180 days,4-7 nights,couple
288,Resort Hotel,0,33,2015,July,28,11,2,2,2,0.0,0,BB,GBR,Online TA,TA/TO,0,0,0,E,E,0,No Deposit,241.0,0.0,0,Transient,89.97,0,1,Check-Out,2015-07-15,7,2015-07-11,4,2.0,0,1,0,44.985,31-90 days,4-7 nights,couple
289,Resort Hotel,0,33,2015,July,28,11,2,2,2,0.0,0,BB,PRT,Online TA,TA/TO,0,0,0,E,E,0,No Deposit,240.0,0.0,0,Transient,123.0,0,0,Check-Out,2015-07-15,7,2015-07-11,4,2.0,0,1,0,61.5,31-90 days,4-7 nights,couple
290,Resort Hotel,0,33,2015,July,28,11,2,2,2,0.0,0,BB,CZE,Online TA,TA/TO,0,0,0,E,E,1,No Deposit,240.0,0.0,0,Transient,123.0,0,0,Check-Out,2015-07-15,7,2015-07-11,4,2.0,0,1,0,61.5,31-90 days,4-7 nights,couple
291,Resort Hotel,0,0,2015,July,28,11,0,1,1,0.0,0,BB,GBR,Direct,Direct,0,0,0,A,A,0,No Deposit,0.0,0.0,0,Transient,123.0,0,0,Check-Out,2015-07-12,7,2015-07-11,1,1.0,0,0,0,123.0,0-7 days,0-1 nights,solo
292,Resort Hotel,0,0,2015,July,28,11,0,1,2,0.0,0,HB,DEU,Online TA,TA/TO,0,0,0,A,A,1,No Deposit,240.0,0.0,0,Transient,144.9,0,1,Check-Out,2015-07-12,7,2015-07-11,1,2.0,0,1,0,72.45,0-7 days,0-1 nights,couple
293,Resort Hotel,0,0,2015,July,28,11,0,1,2,0.0,0,BB,ESP,Direct,Direct,0,0,0,G,G,0,No Deposit,0.0,0.0,0,Transient,153.0,0,0,Check-Out,2015-07-12,7,2015-07-11,1,2.0,0,0,0,76.5,0-7 days,0-1 nights,couple
294,Resort Hotel,0,0,2015,July,28,11,0,1,2,0.0,0,BB,ESP,Online TA,TA/TO,0,0,0,A,A,0,No Deposit,240.0,0.0,0,Transient,131.0,0,1,Check-Out,2015-07-12,7,2015-07-11,1,2.0,0,1,0,65.5,0-7 days,0-1 nights,couple
295,Resort Hotel,0,84,2015,July,28,11,1,1,2,0.0,0,HB,PRT,Corporate,Corporate,0,0,0,A,A,0,No Deposit,0.0,113.0,0,Transient,100.0,1,0,Check-Out,2015-07-13,7,2015-07-11,2,2.0,0,0,1,50.0,31-90 days,2-3 nights,couple
296,Resort Hotel,0,71,2015,July,28,11,1,1,2,0.0,0,BB,ESP,Offline TA/TO,TA/TO,0,0,0,A,A,0,No Deposit,175.0,0.0,0,Transient,65.5,0,0,Check-Out,2015-07-13,7,2015-07-11,2,2.0,0,1,0,32.75,31-90 days,2-3 nights,couple
297,Resort Hotel,0,16,2015,July,28,11,1,1,2,0.0,0,BB,ROU,Online TA,TA/TO,0,0,0,C,C,0,No Deposit,242.0,0.0,0,Transient,123.0,0,1,Check-Out,2015-07-13,7,2015-07-11,2,2.0,0,1,0,61.5,8-30 days,2-3 nights,couple
298,Resort Hotel,0,54,2015,July,28,11,2,1,2,0.0,0,BB,PRT,Online TA,TA/TO,0,0,0,E,F,0,No Deposit,240.0,0.0,0,Transient,123.0,0,0,Check-Out,2015-07-14,7,2015-07-11,3,2.0,0,1,0,61.5,31-90 days,2-3 nights,couple
299,Resort Hotel,0,8,2015,July,28,11,2,1,2,0.0,0,BB,ESP,Online TA,TA/TO,0,0,0,A,A,0,No Deposit,240.0,0.0,0,Transient,131.0,0,0,Check-Out,2015-07-14,7,2015-07-11,3,2.0,0,1,0,65.5,8-30 days,2-3 nights,couple
300,Resort Hotel,0,36,2015,July,28,11,2,5,2,0.0,0,BB,PRT,Offline TA/TO,TA/TO,0,0,0,D,D,0,No Deposit,5.0,0.0,0,Transient,104.68,1,0,Check-Out,2015-07-18,7,2015-07-11,7,2.0,0,1,0,52.34,31-90 days,4-7 nights,couple
301,Resort Hotel,0,40,2015,July,28,11,2,5,2,0.0,0,HB,PRT,Online TA,TA/TO,0,0,0,A,A,0,No Deposit,242.0,0.0,0,Transient,166.0,0,0,Check-Out,2015-07-18,7,2015-07-11,7,2.0,0,1,0,83.0,31-90 days,4-7 nights,couple
302,Resort Hotel,1,59,2015,July,28,11,2,6,2,0.0,0,BB,PRT,Online TA,TA/TO,0,0,0,D,D,0,No Deposit,240.0,0.0,0,Transient,111.25,0,2,Canceled,2015-05-19,7,2015-07-11,8,2.0,0,1,0,55.625,31-90 days,8-14 nights,couple
303,Resort Hotel,0,79,2015,July,28,11,2,6,2,2.0,0,HB,PRT,Direct,Direct,0,0,0,G,G,1,No Deposit,250.0,0.0,0,Transient,213.75,0,0,Check-Out,2015-07-19,7,2015-07-11,8,4.0,1,1,0,53.4375,31-90 days,8-14 nights,family
304,Resort Hotel,0,32,2015,July,28,11,4,6,2,0.0,0,HB,PRT,Online TA,TA/TO,0,0,0,E,E,1,No Deposit,240.0,0.0,0,Transient,178.0,1,0,Check-Out,2015-07-21,7,2015-07-11,10,2.0,0,1,0,89.0,31-90 days,8-14 nights,couple
305,Resort Hotel,0,110,2015,July,28,11,2,5,2,0.0,0,BB,PRT,Direct,Direct,0,0,0,A,A,0,No Deposit,250.0,0.0,0,Transient,113.9,0,1,Check-Out,2015-07-18,7,2015-07-11,7,2.0,0,1,0,56.95,91-180 days,4-7 nights,couple
306,Resort Hotel,0,33,2015,July,28,11,2,5,2,0.0,0,BB,PRT,Online TA,TA/TO,0,0,0,E,E,0,No Deposit,240.0,0.0,0,Transient,129.29,1,0,Check-Out,2015-07-18,7,2015-07-11,7,2.0,0,1,0,64.645,31-90 days,4-7 nights,couple
307,Resort Hotel,0,53,2015,July,29,12,1,0,2,2.0,0,BB,CN,Online TA,TA/TO,0,0,0,G,G,0,No Deposit,240.0,0.0,0,Transient,153.0,1,0,Check-Out,2015-07-13,7,2015-07-12,1,4.0,1,1,0,38.25,31-90 days,0-1 nights,family
308,Resort Hotel,0,2,2015,July,29,12,1,0,2,0.0,0,BB,PRT,Online TA,TA/TO,0,0,0,A,A,0,No Deposit,240.0,0.0,0,Transient,98.0,1,2,Check-Out,2015-07-13,7,2015-07-12,1,2.0,0,1,0,49.0,0-7 days,0-1 nights,couple
309,Resort Hotel,0,8,2015,July,29,12,2,4,2,1.0,0,BB,PRT,Online TA,TA/TO,0,0,0,A,A,0,No Deposit,240.0,0.0,0,Transient,169.0,1,2,Check-Out,2015-07-18,7,2015-07-12,6,3.0,1,1,0,56.333333333333336,8-30 days,4-7 nights,family
310,Resort Hotel,1,72,2015,July,29,12,2,4,2,0.0,0,BB,PRT,Online TA,TA/TO,0,0,0,A,A,0,No Deposit,240.0,0.0,0,Transient,93.0,0,2,Canceled,2015-05-12,7,2015-07-12,6,2.0,0,1,0,46.5,31-90 days,4-7 nights,couple
311,Resort Hotel,0,12,2015,July,29,12,2,5,2,0.0,0,BB,GBR,Online TA,TA/TO,0,0,0,A,A,0,No Deposit,240.0,0.0,0,Transient,132.29,0,0,Check-Out,2015-07-19,7,2015-07-12,7,2.0,0,1,0,66.145,8-30 days,4-7 nights,couple
312,Resort Hotel,0,48,2015,July,29,12,2,5,2,0.0,0,BB,BRA,Offline TA/TO,TA/TO,0,0,0,D,D,0,No Deposit,243.0,0.0,0,Transient,123.0,0,1,Check-Out,2015-07-19,7,2015-07-12,7,2.0,0,1,0,61.5,31-90 days,4-7 nights,couple
313,Resort Hotel,0,90,2015,July,29,12,2,5,2,0.0,0,FB,PRT,Offline TA/TO,TA/TO,0,0,0,A,A,0,No Deposit,5.0,0.0,0,Transient-Party,117.22,0,1,Check-Out,2015-07-12,7,2015-07-12,7,2.0,0,1,0,58.61,31-90 days,4-7 nights,couple
314,Resort Hotel,0,34,2015,July,29,12,2,5,2,0.0,1,HB,ESP,Offline TA/TO,TA/TO,0,0,0,D,D,1,No Deposit,156.0,0.0,0,Transient,149.0,0,1,Check-Out,2015-07-19,7,2015-07-12,7,3.0,1,1,0,49.666666666666664,31-90 days,4-7 nights,family
315,Resort Hotel,1,58,2015,July,29,12,2,5,3,1.0,0,BB,PRT,Direct,Direct,0,0,0,C,C,0,No Deposit,250.0,0.0,0,Transient,164.57,0,1,Canceled,2015-06-29,7,2015-07-12,7,4.0,1,1,0,41.1425,31-90 days,4-7 nights,family
316,Resort Hotel,0,59,2015,July,29,12,2,5,2,0.0,0,BB,GBR,Offline TA/TO,TA/TO,0,0,0,A,A,0,No Deposit,115.0,0.0,0,Contract,107.0,0,0,Check-Out,2015-07-19,7,2015-07-12,7,2.0,0,1,0,53.5,31-90 days,4-7 nights,couple
317,Resort Hotel,0,90,2015,July,29,12,2,5,2,0.0,1,FB,PRT,Offline TA/TO,TA/TO,0,0,0,A,A,0,No Deposit,5.0,0.0,0,Transient-Party,117.22,1,2,Check-Out,2015-07-19,7,2015-07-12,7,3.0,1,1,0,39.07333333333333,31-90 days,4-7 nights,family
318,Resort Hotel,0,116,2015,July,29,12,2,5,2,0.0,0,BB,PRT,Offline TA/TO,TA/TO,0,0,0,E,E,0,No Deposit,40.0,0.0,0,Contract,119.25,0,0,Check-Out,2015-07-19,7,2015-07-12,7,2.0,0,1,0,59.625,91-180 days,4-7 nights,couple
319,Resort Hotel,0,31,2015,July,29,12,2,5,2,0.0,0,BB,GBR,Offline TA/TO,TA/TO,0,0,0,D,D,0,No Deposit,243.0,0.0,0,Transient,123.0,0,0,Check-Out,2015-07-19,7,2015-07-12,7,2.0,0,1,0,61.5,31-90 days,4-7 nights,couple
320,Resort Hotel,1,51,2015,July,29,12,2,5,2,0.0,0,HB,PRT,Online TA,TA/TO,0,0,0,A,A,0,No Deposit,241.0,0.0,0,Transient,105.71,0,0,Canceled,2015-07-03,7,2015-07-12,7,2.0,0,1,0,52.855,31-90 days,4-7 nights,couple
321,Resort Hotel,0,48,2015,July,29,12,2,5,2,0.0,0,BB,GBR,Offline TA/TO,TA/TO,0,0,0,D,D,0,No Deposit,243.0,0.0,0,Transient,123.0,0,1,Check-Out,2015-07-19,7,2015-07-12,7,2.0,0,1,0,61.5,31-90 days,4-7 nights,couple
322,Resort Hotel,0,59,2015,July,29,12,2,5,2,0.0,0,BB,ESP,Online TA,TA/TO,0,0,0,E,E,0,No Deposit,240.0,0.0,0,Transient,144.43,1,2,Check-Out,2015-07-19,7,2015-07-12,7,2.0,0,1,0,72.215,31-90 days,4-7 nights,couple
323,Resort Hotel,1,97,2015,July,29,12,3,5,2,0.0,0,BB,PRT,Online TA,TA/TO,0,0,0,E,E,0,No Deposit,240.0,0.0,0,Transient,126.0,0,1,Canceled,2015-06-19,7,2015-07-12,8,2.0,0,1,0,63.0,91-180 days,8-14 nights,couple
324,Resort Hotel,0,12,2015,July,29,12,4,5,2,0.0,0,HB,FRA,Online TA,TA/TO,0,0,0,A,A,0,No Deposit,240.0,0.0,0,Transient,148.3,1,2,Check-Out,2015-07-21,7,2015-07-12,9,2.0,0,1,0,74.15,8-30 days,8-14 nights,couple
325,Resort Hotel,0,64,2015,July,29,12,4,5,2,0.0,0,BB,PRT,Online TA,TA/TO,0,0,0,A,A,0,No Deposit,240.0,0.0,0,Transient,125.22,0,1,Check-Out,2015-07-21,7,2015-07-12,9,2.0,0,1,0,62.61,31-90 days,8-14 nights,couple
326,Resort Hotel,0,31,2015,July,29,12,4,7,2,0.0,0,BB,GBR,Offline TA/TO,TA/TO,0,0,0,D,D,0,No Deposit,243.0,0.0,0,Transient,123.0,0,0,Check-Out,2015-07-23,7,2015-07-12,11,2.0,0,1,0,61.5,31-90 days,8-14 nights,couple
327,Resort Hotel,0,59,2015,July,29,12,4,7,2,0.0,0,HB,GBR,Offline TA/TO,TA/TO,0,0,0,A,A,0,No Deposit,243.0,0.0,0,Contract,130.0,1,1,Check-Out,2015-07-23,7,2015-07-12,11,2.0,0,1,0,65.0,31-90 days,8-14 nights,couple
328,Resort Hotel,1,55,2015,July,29,12,4,10,2,10.0,0,BB,PRT,Offline TA/TO,TA/TO,0,0,0,D,D,2,No Deposit,8.0,0.0,0,Contract,133.16,0,1,No-Show,2015-07-12,7,2015-07-12,14,12.0,1,1,0,11.096666666666666,31-90 days,8-14 nights,family
329,Resort Hotel,0,81,2015,July,29,12,2,5,2,0.0,0,BB,GBR,Offline TA/TO,TA/TO,0,0,0,A,A,0,No Deposit,147.0,0.0,0,Transient,78.84,0,0,Check-Out,2015-07-19,7,2015-07-12,7,2.0,0,1,0,39.42,31-90 days,4-7 nights,couple
330,Resort Hotel,0,1,2015,July,29,12,1,0,2,0.0,0,BB,PRT,Online TA,TA/TO,0,0,0,A,A,0,No Deposit,240.0,0.0,0,Transient,80.1,0,0,Check-Out,2015-07-13,7,2015-07-12,1,2.0,0,1,0,40.05,0-7 days,0-1 nights,couple
331,Resort Hotel,0,34,2015,July,29,12,2,0,2,2.0,0,BB,BEL,Online TA,TA/TO,0,0,0,G,G,0,No Deposit,240.0,0.0,0,Transient,193.0,0,1,Check-Out,2015-07-14,7,2015-07-12,2,4.0,1,1,0,48.25,31-90 days,2-3 nights,family
332,Resort Hotel,0,13,2015,July,29,12,2,0,2,0.0,0,BB,ESP,Online TA,TA/TO,0,0,0,A,A,0,No Deposit,240.0,0.0,0,Transient,88.2,0,0,Check-Out,2015-07-14,7,2015-07-12,2,2.0,0,1,0,44.1,8-30 days,2-3 nights,couple
333,Resort Hotel,0,40,2015,July,29,12,2,0,2,0.0,0,BB,FRA,Online TA,TA/TO,0,0,0,F,E,0,No Deposit,241.0,0.0,0,Transient,90.71,0,0,Check-Out,2015-07-14,7,2015-07-12,2,2.0,0,1,0,45.355,31-90 days,2-3 nights,couple
334,Resort Hotel,0,1,2015,July,29,12,2,0,2,0.0,0,BB,ESP,Online TA,TA/TO,0,0,0,A,B,0,No Deposit,240.0,0.0,0,Transient,114.5,0,1,Check-Out,2015-07-14,7,2015-07-12,2,2.0,0,1,0,57.25,0-7 days,2-3 nights,couple
335,Resort Hotel,0,34,2015,July,29,12,2,0,2,0.0,0,BB,BEL,Online TA,TA/TO,0,0,0,A,A,0,No Deposit,240.0,0.0,0,Transient,120.2,0,1,Check-Out,2015-07-14,7,2015-07-12,2,2.0,0,1,0,60.1,31-90 days,2-3 nights,couple
336,Resort Hotel,0,88,2015,July,29,12,2,1,2,0.0,0,BB,ITA,Offline TA/TO,TA/TO,0,0,0,D,D,1,No Deposit,8.0,0.0,0,Contract,79.5,0,0,Check-Out,2015-07-15,7,2015-07-12,3,2.0,0,1,0,39.75,31-90 days,2-3 nights,couple
337,Resort Hotel,0,9,2015,July,29,12,2,1,2,0.0,0,BB,ESP,Online TA,TA/TO,0,0,0,A,A,0,No Deposit,240.0,0.0,0,Transient,117.9,0,3,Check-Out,2015-07-15,7,2015-07-12,3,2.0,0,1,0,58.95,8-30 days,2-3 nights,couple
338,Resort Hotel,1,24,2015,July,29,12,2,1,2,0.0,0,HB,PRT,Online TA,TA/TO,0,0,0,A,A,0,No Deposit,240.0,0.0,0,Transient,128.0,0,0,Canceled,2015-06-22,7,2015-07-12,3,2.0,0,1,0,64.0,8-30 days,2-3 nights,couple
339,Resort Hotel,0,97,2015,July,29,12,2,2,2,0.0,0,BB,FRA,Offline TA/TO,TA/TO,0,0,0,A,D,0,No Deposit,6.0,0.0,0,Transient,90.95,0,0,Check-Out,2015-07-16,7,2015-07-12,4,2.0,0,1,0,45.475,91-180 days,4-7 nights,couple
340,Resort Hotel,0,60,2015,July,29,12,2,2,2,0.0,1,BB,FIN,Online TA,TA/TO,0,0,0,E,E,2,No Deposit,240.0,0.0,0,Transient,107.0,0,2,Check-Out,2015-07-16,7,2015-07-12,4,3.0,1,1,0,35.666666666666664,31-90 days,4-7 nights,family
341,Resort Hotel,0,100,2015,July,29,12,2,2,2,2.0,0,BB,CN,Direct,Direct,0,0,0,G,G,0,No Deposit,250.0,0.0,0,Transient,130.05,1,1,Check-Out,2015-07-16,7,2015-07-12,4,4.0,1,1,0,32.5125,91-180 days,4-7 nights,family
342,Resort Hotel,0,50,2015,July,29,12,2,3,2,0.0,0,BB,ESP,Offline TA/TO,TA/TO,0,0,0,D,D,0,No Deposit,156.0,0.0,0,Contract,123.0,0,0,Check-Out,2015-07-17,7,2015-07-12,5,2.0,0,1,0,61.5,31-90 days,4-7 nights,couple
343,Resort Hotel,1,47,2015,July,29,12,2,3,2,0.0,0,BB,PRT,Online TA,TA/TO,0,0,0,F,F,0,No Deposit,241.0,0.0,0,Transient,103.8,0,0,No-Show,2015-07-12,7,2015-07-12,5,2.0,0,1,0,51.9,31-90 days,4-7 nights,couple
344,Resort Hotel,0,8,2015,July,29,12,2,3,2,2.0,0,BB,IRL,Online TA,TA/TO,0,0,0,H,H,0,No Deposit,240.0,0.0,0,Transient,196.0,0,1,Check-Out,2015-07-17,7,2015-07-12,5,4.0,1,1,0,49.0,8-30 days,4-7 nights,family
345,Resort Hotel,0,34,2015,July,29,12,2,3,2,0.0,0,HB,ESP,Online TA,TA/TO,0,0,0,D,D,0,No Deposit,240.0,0.0,0,Transient,149.4,1,0,Check-Out,2015-07-17,7,2015-07-12,5,2.0,0,1,0,74.7,31-90 days,4-7 nights,couple
346,Resort Hotel,0,47,2015,July,29,13,2,5,2,0.0,0,BB,ESP,Online TA,TA/TO,0,0,0,G,G,0,No Deposit,240.0,0.0,0,Transient,175.71,0,0,Check-Out,2015-07-20,7,2015-07-13,7,2.0,0,1,0,87.855,31-90 days,4-7 nights,couple
347,Resort Hotel,0,115,2015,July,29,13,2,5,2,0.0,1,HB,PRT,Offline TA/TO,TA/TO,0,0,0,A,A,1,No Deposit,134.0,0.0,0,Transient-Party,119.7,0,2,Check-Out,2015-07-20,7,2015-07-13,7,3.0,1,1,0,39.9,91-180 days,4-7 nights,family
348,Resort Hotel,1,79,2015,July,29,13,2,5,2,0.0,0,BB,PRT,Online TA,TA/TO,0,0,0,A,A,0,No Deposit,240.0,0.0,0,Transient,100.86,0,1,Canceled,2015-05-13,7,2015-07-13,7,2.0,0,1,0,50.43,31-90 days,4-7 nights,couple
349,Resort Hotel,0,91,2015,July,29,13,2,5,2,0.0,0,BB,GBR,Online TA,TA/TO,0,0,0,A,A,0,No Deposit,240.0,0.0,0,Transient,100.86,0,0,Check-Out,2015-07-20,7,2015-07-13,7,2.0,0,1,0,50.43,91-180 days,4-7 nights,couple
350,Resort Hotel,0,98,2015,July,29,13,1,1,2,0.0,0,BB,ESP,Online TA,TA/TO,0,0,0,A,A,0,No Deposit,240.0,0.0,0,Transient-Party,82.0,0,3,Check-Out,2015-07-15,7,2015-07-13,2,2.0,0,1,0,41.0,91-180 days,2-3 nights,couple
351,Resort Hotel,0,109,2015,July,29,13,1,1,2,0.0,0,BB,ESP,Online TA,TA/TO,0,0,0,A,C,0,No Deposit,240.0,0.0,0,Transient,73.8,0,1,Check-Out,2015-07-15,7,2015-07-13,2,2.0,0,1,0,36.9,91-180 days,2-3 nights,couple
352,Resort Hotel,0,0,2015,July,29,13,1,1,2,0.0,0,BB,AUS,Online TA,TA/TO,0,0,0,A,C,0,No Deposit,240.0,0.0,0,Transient,117.9,1,0,Check-Out,2015-07-15,7,2015-07-13,2,2.0,0,1,0,58.95,0-7 days,2-3 nights,couple
353,Resort Hotel,0,98,2015,July,29,13,1,1,2,0.0,0,BB,ESP,Online TA,TA/TO,0,0,0,A,A,0,No Deposit,240.0,0.0,0,Transient-Party,82.0,0,3,Check-Out,2015-07-15,7,2015-07-13,2,2.0,0,1,0,41.0,91-180 days,2-3 nights,couple
354,Resort Hotel,0,0,2015,July,29,13,1,1,4,0.0,0,BB,PRT,Direct,Direct,0,0,0,L,H,0,No Deposit,0.0,0.0,0,Transient,150.0,0,0,Check-Out,2015-07-15,7,2015-07-13,2,4.0,0,0,0,37.5,0-7 days,2-3 nights,group
355,Resort Hotel,0,9,2015,July,29,13,1,1,2,0.0,0,HB,ESP,Online TA,TA/TO,0,0,0,A,A,0,No Deposit,240.0,0.0,0,Transient,161.0,1,2,Check-Out,2015-07-15,7,2015-07-13,2,2.0,0,1,0,80.5,8-30 days,2-3 nights,couple
356,Resort Hotel,0,62,2015,July,29,13,1,1,2,0.0,0,BB,ESP,Online TA,TA/TO,0,0,0,A,A,0,No Deposit,147.0,0.0,0,Transient,64.0,0,2,Check-Out,2015-07-15,7,2015-07-13,2,2.0,0,1,0,32.0,31-90 days,2-3 nights,couple
357,Resort Hotel,1,45,2015,July,29,13,1,1,2,0.0,0,BB,PRT,Online TA,TA/TO,0,0,0,E,E,0,No Deposit,240.0,0.0,0,Transient,123.0,0,0,Canceled,2015-06-18,7,2015-07-13,2,2.0,0,1,0,61.5,31-90 days,2-3 nights,couple
358,Resort Hotel,0,42,2015,July,29,13,1,2,2,0.0,0,BB,USA,Online TA,TA/TO,0,0,0,D,E,0,No Deposit,240.0,0.0,0,Transient,110.0,1,0,Check-Out,2015-07-16,7,2015-07-13,3,2.0,0,1,0,55.0,31-90 days,2-3 nights,couple
359,Resort Hotel,0,54,2015,July,29,13,1,2,2,0.0,0,BB,PRT,Online TA,TA/TO,0,0,0,A,A,0,No Deposit,240.0,0.0,0,Transient,88.2,1,1,Check-Out,2015-07-16,7,2015-07-13,3,2.0,0,1,0,44.1,31-90 days,2-3 nights,couple
360,Resort Hotel,0,51,2015,July,29,13,1,2,2,0.0,0,HB,ESP,Online TA,TA/TO,0,0,0,A,A,0,No Deposit,240.0,0.0,0,Transient,130.0,1,0,Check-Out,2015-07-16,7,2015-07-13,3,2.0,0,1,0,65.0,31-90 days,2-3 nights,couple
361,Resort Hotel,0,54,2015,July,29,13,1,2,2,0.0,0,BB,PRT,Online TA,TA/TO,0,0,0,A,A,0,No Deposit,240.0,0.0,0,Transient,88.2,0,1,Check-Out,2015-07-16,7,2015-07-13,3,2.0,0,1,0,44.1,31-90 days,2-3 nights,couple
362,Resort Hotel,0,58,2015,July,29,13,1,2,2,0.0,0,HB,ESP,Direct,Direct,0,0,0,E,F,2,No Deposit,250.0,0.0,0,Transient,165.0,1,1,Check-Out,2015-07-16,7,2015-07-13,3,2.0,0,1,0,82.5,31-90 days,2-3 nights,couple
363,Resort Hotel,0,0,2015,July,29,13,1,3,1,0.0,0,BB,PRT,Corporate,Corporate,0,0,0,A,A,0,No Deposit,167.0,0.0,0,Transient,114.0,0,0,Check-Out,2015-07-17,7,2015-07-13,4,1.0,0,1,0,114.0,0-7 days,4-7 nights,solo
364,Resort Hotel,1,60,2015,July,29,13,1,4,2,0.0,0,BB,PRT,Offline TA/TO,TA/TO,0,0,0,D,D,0,No Deposit,15.0,0.0,0,Transient,79.5,0,0,Canceled,2015-06-24,7,2015-07-13,5,2.0,0,1,0,39.75,31-90 days,4-7 nights,couple
365,Resort Hotel,1,321,2015,July,29,13,1,4,2,0.0,0,HB,PRT,Direct,TA/TO,0,0,0,A,A,0,No Deposit,240.0,0.0,0,Transient,132.8,0,1,Canceled,2015-03-05,7,2015-07-13,5,2.0,0,1,0,66.4,181+ days,4-7 nights,couple
366,Resort Hotel,0,40,2015,July,29,13,1,4,2,0.0,0,BB,ESP,Direct,Direct,0,0,0,D,D,0,No Deposit,250.0,0.0,0,Transient,120.0,0,2,Check-Out,2015-07-18,7,2015-07-13,5,2.0,0,1,0,60.0,31-90 days,4-7 nights,couple
367,Resort Hotel,1,51,2015,July,29,13,1,4,2,0.0,0,BB,PRT,Offline TA/TO,TA/TO,0,0,0,D,D,0,No Deposit,156.0,0.0,0,Contract,79.5,0,0,Canceled,2015-05-23,7,2015-07-13,5,2.0,0,1,0,39.75,31-90 days,4-7 nights,couple
368,Resort Hotel,0,38,2015,July,29,13,1,4,2,0.0,0,BB,PRT,Direct,Direct,0,0,0,D,E,0,No Deposit,0.0,0.0,0,Transient,120.0,0,0,Check-Out,2015-07-18,7,2015-07-13,5,2.0,0,0,0,60.0,31-90 days,4-7 nights,couple
369,Resort Hotel,1,75,2015,July,29,13,1,4,2,0.0,0,HB,PRT,Online TA,TA/TO,0,0,0,D,D,0,No Deposit,240.0,0.0,0,Transient,144.2,0,1,Canceled,2015-06-22,7,2015-07-13,5,2.0,0,1,0,72.1,31-90 days,4-7 nights,couple
370,Resort Hotel,0,101,2015,July,29,13,1,4,2,0.0,0,BB,PRT,Online TA,TA/TO,0,0,0,A,A,0,No Deposit,240.0,0.0,0,Transient,107.2,0,0,Check-Out,2015-07-18,7,2015-07-13,5,2.0,0,1,0,53.6,91-180 days,4-7 nights,couple
371,Resort Hotel,1,42,2015,July,29,13,1,4,2,0.0,0,BB,PRT,Online TA,TA/TO,0,0,0,D,D,0,No Deposit,240.0,0.0,0,Transient,120.0,0,0,Canceled,2015-06-01,7,2015-07-13,5,2.0,0,1,0,60.0,31-90 days,4-7 nights,couple
372,Resort Hotel,0,40,2015,July,29,13,1,4,2,0.0,0,BB,ESP,Direct,Direct,0,0,0,D,D,0,No Deposit,250.0,0.0,0,Transient,120.0,0,2,Check-Out,2015-07-18,7,2015-07-13,5,2.0,0,1,0,60.0,31-90 days,4-7 nights,couple
373,Resort Hotel,0,109,2015,July,29,13,1,4,3,0.0,0,HB,PRT,Direct,Direct,0,0,0,E,E,0,No Deposit,0.0,0.0,0,Transient,163.8,0,1,Check-Out,2015-07-18,7,2015-07-13,5,3.0,0,0,0,54.6,91-180 days,4-7 nights,group
374,Resort Hotel,1,81,2015,July,29,13,1,5,2,0.0,0,BB,PRT,Online TA,TA/TO,0,0,0,A,A,0,No Deposit,240.0,0.0,0,Transient,98.5,0,2,Canceled,2015-04-24,7,2015-07-13,6,2.0,0,1,0,49.25,31-90 days,4-7 nights,couple
375,Resort Hotel,1,98,2015,July,29,13,1,5,2,0.0,0,HB,PRT,Online TA,TA/TO,0,0,0,A,A,0,No Deposit,240.0,0.0,0,Transient,130.5,0,0,Canceled,2015-05-12,7,2015-07-13,6,2.0,0,1,0,65.25,91-180 days,4-7 nights,couple
376,Resort Hotel,0,32,2015,July,29,13,1,5,1,0.0,0,HB,PRT,Offline TA/TO,TA/TO,0,0,0,D,C,2,No Deposit,300.0,0.0,0,Transient,153.0,0,0,Check-Out,2015-07-19,7,2015-07-13,6,1.0,0,1,0,153.0,31-90 days,4-7 nights,solo
377,Resort Hotel,0,72,2015,July,29,13,1,5,2,0.0,0,BB,FRA,Online TA,TA/TO,0,0,0,A,A,0,No Deposit,240.0,0.0,0,Transient,98.5,0,2,Check-Out,2015-07-19,7,2015-07-13,6,2.0,0,1,0,49.25,31-90 days,4-7 nights,couple
378,Resort Hotel,0,115,2015,July,29,13,2,5,2,0.0,0,HB,PRT,Offline TA/TO,TA/TO,0,0,0,A,A,0,No Deposit,134.0,0.0,0,Transient-Party,119.7,0,2,Check-Out,2015-07-20,7,2015-07-13,7,2.0,0,1,0,59.85,91-180 days,4-7 nights,couple
379,Resort Hotel,0,118,2015,July,29,13,2,5,2,0.0,0,FB,PRT,Direct,Direct,0,0,0,D,D,0,No Deposit,250.0,0.0,0,Transient,184.6,0,1,Check-Out,2015-07-20,7,2015-07-13,7,2.0,0,1,0,92.3,91-180 days,4-7 nights,couple
380,Resort Hotel,0,81,2015,July,29,13,2,5,2,1.0,0,HB,ESP,Direct,Direct,0,0,0,E,E,0,No Deposit,250.0,0.0,0,Transient,181.22,0,2,Check-Out,2015-07-20,7,2015-07-13,7,3.0,1,1,0,60.406666666666666,31-90 days,4-7 nights,family
381,Resort Hotel,1,95,2015,July,29,13,2,5,2,0.0,0,BB,PRT,Online TA,TA/TO,0,0,0,A,A,0,No Deposit,240.0,0.0,0,Transient,100.86,0,1,Canceled,2015-04-15,7,2015-07-13,7,2.0,0,1,0,50.43,91-180 days,4-7 nights,couple
382,Resort Hotel,0,16,2015,July,29,13,1,0,2,0.0,0,BB,ROU,Online TA,TA/TO,0,0,0,A,A,0,No Deposit,240.0,0.0,0,Transient,100.2,1,3,Check-Out,2015-07-14,7,2015-07-13,1,2.0,0,1,0,50.1,8-30 days,0-1 nights,couple
383,Resort Hotel,0,56,2015,July,29,13,1,3,2,0.0,0,HB,ESP,Online TA,TA/TO,0,0,0,A,A,1,No Deposit,240.0,0.0,0,Transient,134.25,1,0,Check-Out,2015-07-17,7,2015-07-13,4,2.0,0,1,0,67.125,31-90 days,4-7 nights,couple
384,Resort Hotel,0,88,2015,July,29,13,3,5,2,0.0,0,BB,FIN,Offline TA/TO,TA/TO,0,0,0,A,A,0,No Deposit,8.0,0.0,0,Contract,96.3,0,0,Check-Out,2015-07-21,7,2015-07-13,8,2.0,0,1,0,48.15,31-90 days,8-14 nights,couple
385,Resort Hotel,0,41,2015,July,29,13,3,6,2,0.0,0,BB,GBR,Online TA,TA/TO,0,0,0,D,D,0,No Deposit,147.0,0.0,0,Transient,83.09,0,2,Check-Out,2015-07-22,7,2015-07-13,9,2.0,0,1,0,41.545,31-90 days,8-14 nights,couple
386,Resort Hotel,1,40,2015,July,29,14,0,1,2,0.0,0,BB,PRT,Offline TA/TO,TA/TO,0,0,0,D,D,0,No Deposit,171.0,0.0,0,Transient,105.5,0,0,Canceled,2015-07-03,7,2015-07-14,1,2.0,0,1,0,52.75,31-90 days,0-1 nights,couple
387,Resort Hotel,0,1,2015,July,29,14,0,1,1,0.0,0,BB,PRT,Corporate,Corporate,0,0,0,A,A,0,No Deposit,0.0,270.0,0,Transient,134.0,0,0,Check-Out,2015-07-15,7,2015-07-14,1,1.0,0,0,1,134.0,0-7 days,0-1 nights,solo
388,Resort Hotel,0,1,2015,July,29,14,0,1,2,0.0,0,BB,PRT,Online TA,TA/TO,0,0,0,A,A,2,No Deposit,240.0,0.0,0,Transient,8.0,0,1,Check-Out,2015-07-15,7,2015-07-14,1,2.0,0,1,0,4.0,0-7 days,0-1 nights,couple
389,Resort Hotel,0,1,2015,July,29,14,0,2,2,0.0,0,BB,PRT,Online TA,TA/TO,0,0,0,D,D,1,No Deposit,240.0,0.0,0,Transient,146.0,1,1,Check-Out,2015-07-16,7,2015-07-14,2,2.0,0,1,0,73.0,0-7 days,2-3 nights,couple
390,Resort Hotel,1,76,2015,July,29,14,0,4,2,0.0,0,BB,PRT,Online TA,TA/TO,0,0,0,E,E,0,No Deposit,240.0,0.0,0,Transient,126.0,0,2,Canceled,2015-05-27,7,2015-07-14,4,2.0,0,1,0,63.0,31-90 days,4-7 nights,couple
391,Resort Hotel,0,0,2015,July,29,14,0,4,2,0.0,0,BB,ESP,Online TA,TA/TO,0,0,0,A,C,0,No Deposit,240.0,0.0,0,Transient,111.15,0,1,Check-Out,2015-07-18,7,2015-07-14,4,2.0,0,1,0,55.575,0-7 days,4-7 nights,couple
392,Resort Hotel,0,49,2015,July,29,14,0,5,2,0.0,0,BB,POL,Online TA,TA/TO,0,0,0,E,F,1,No Deposit,240.0,0.0,0,Transient,136.2,0,2,Check-Out,2015-07-19,7,2015-07-14,5,2.0,0,1,0,68.1,31-90 days,4-7 nights,couple
393,Resort Hotel,0,76,2015,July,29,14,0,5,2,0.0,0,BB,PRT,Direct,Direct,0,0,0,A,A,0,No Deposit,250.0,0.0,0,Transient,101.8,0,0,Check-Out,2015-07-19,7,2015-07-14,5,2.0,0,1,0,50.9,31-90 days,4-7 nights,couple
394,Resort Hotel,0,73,2015,July,29,14,1,5,2,0.0,0,HB,PRT,Direct,Direct,0,0,0,A,A,0,No Deposit,0.0,0.0,0,Transient-Party,127.0,0,1,Check-Out,2015-07-20,7,2015-07-14,6,2.0,0,0,0,63.5,31-90 days,4-7 nights,couple
395,Resort Hotel,0,73,2015,July,29,14,1,5,2,1.0,0,HB,PRT,Direct,Direct,0,0,0,E,E,0,No Deposit,0.0,0.0,0,Transient-Party,161.5,0,2,Check-Out,2015-07-20,7,2015-07-14,6,3.0,1,0,0,53.833333333333336,31-90 days,4-7 nights,family
396,Resort Hotel,0,317,2015,July,29,14,1,5,2,2.0,0,HB,PRT,Direct,TA/TO,0,0,0,H,G,1,No Deposit,240.0,0.0,0,Transient,230.67,1,2,Check-Out,2015-07-20,7,2015-07-14,6,4.0,1,1,0,57.6675,181+ days,4-7 nights,family
397,Resort Hotel,1,112,2015,July,29,14,2,5,1,0.0,0,BB,PRT,Online TA,TA/TO,0,0,0,A,A,0,No Deposit,240.0,0.0,0,Transient,65.7,0,1,Canceled,2015-04-06,7,2015-07-14,7,1.0,0,1,0,65.7,91-180 days,4-7 nights,solo
398,Resort Hotel,0,6,2015,July,29,14,2,5,2,0.0,0,HB,ESP,Online TA,TA/TO,0,0,0,A,A,0,No Deposit,240.0,0.0,0,Transient,180.0,1,2,Check-Out,2015-07-21,7,2015-07-14,7,2.0,0,1,0,90.0,0-7 days,4-7 nights,couple
399,Resort Hotel,0,8,2015,July,29,14,2,5,2,0.0,0,HB,ESP,Online TA,TA/TO,0,0,0,A,A,1,No Deposit,240.0,0.0,0,Transient,168.57,0,1,Check-Out,2015-07-21,7,2015-07-14,7,2.0,0,1,0,84.285,8-30 days,4-7 nights,couple
400,Resort Hotel,1,96,2015,July,29,14,2,7,2,0.0,0,BB,PRT,Offline TA/TO,TA/TO,0,0,0,A,A,0,No Deposit,242.0,0.0,0,Transient,107.67,0,1,Canceled,2015-04-11,7,2015-07-14,9,2.0,0,1,0,53.835,91-180 days,8-14 nights,couple
401,Resort Hotel,1,96,2015,July,29,14,2,7,2,0.0,0,BB,PRT,Online TA,TA/TO,0,0,0,A,A,0,No Deposit,240.0,0.0,0,Transient,96.9,0,1,Canceled,2015-04-11,7,2015-07-14,9,2.0,0,1,0,48.45,91-180 days,8-14 nights,couple
402,Resort Hotel,0,99,2015,July,29,14,2,7,2,0.0,0,BB,IRL,Direct,Direct,0,0,0,A,A,0,No Deposit,0.0,0.0,0,Transient,107.0,0,1,Check-Out,2015-07-23,7,2015-07-14,9,2.0,0,0,0,53.5,91-180 days,8-14 nights,couple
403,Resort Hotel,0,66,2015,July,29,14,2,9,2,0.0,0,BB,IRL,Online TA,TA/TO,0,0,0,A,B,0,No Deposit,147.0,0.0,0,Transient,73.41,0,0,Check-Out,2015-07-25,7,2015-07-14,11,2.0,0,1,0,36.705,31-90 days,8-14 nights,couple
404,Resort Hotel,0,38,2015,July,29,14,4,10,2,0.0,0,HB,SWE,Online TA,TA/TO,0,0,0,D,D,0,No Deposit,241.0,0.0,0,Transient,109.9,0,2,Check-Out,2015-07-28,7,2015-07-14,14,2.0,0,1,0,54.95,31-90 days,8-14 nights,couple
405,Resort Hotel,0,38,2015,July,29,14,4,10,2,0.0,0,HB,SWE,Online TA,TA/TO,0,0,0,D,D,1,No Deposit,241.0,0.0,0,Transient,109.9,0,2,Check-Out,2015-07-28,7,2015-07-14,14,2.0,0,1,0,54.95,31-90 days,8-14 nights,couple
406,Resort Hotel,0,113,2015,July,29,14,4,11,3,0.0,0,BB,PRT,Direct,Direct,0,0,0,H,H,1,No Deposit,0.0,0.0,0,Transient,187.5,1,3,Check-Out,2015-07-29,7,2015-07-14,15,3.0,0,0,0,62.5,91-180 days,15+ nights,group
407,Resort Hotel,0,0,2015,July,29,14,0,1,1,0.0,0,BB,PRT,Corporate,Corporate,0,0,0,A,C,0,No Deposit,0.0,0.0,0,Transient,134.0,0,0,Check-Out,2015-07-15,7,2015-07-14,1,1.0,0,0,0,134.0,0-7 days,0-1 nights,solo
408,Resort Hotel,1,62,2015,July,29,15,0,3,2,0.0,0,HB,PRT,Offline TA/TO,TA/TO,0,0,0,A,A,0,No Deposit,171.0,0.0,0,Transient,91.5,0,0,Canceled,2015-07-03,7,2015-07-15,3,2.0,0,1,0,45.75,31-90 days,2-3 nights,couple
409,Resort Hotel,1,39,2015,July,29,15,0,3,2,0.0,0,BB,PRT,Online TA,TA/TO,0,0,0,D,D,0,No Deposit,240.0,0.0,0,Transient,132.44,0,0,Canceled,2015-06-27,7,2015-07-15,3,2.0,0,1,0,66.22,31-90 days,2-3 nights,couple
410,Resort Hotel,0,37,2015,July,29,15,2,4,2,0.0,0,HB,POL,Online TA,TA/TO,0,0,0,D,D,0,No Deposit,241.0,0.0,0,Transient,106.9,0,0,Check-Out,2015-07-21,7,2015-07-15,6,2.0,0,1,0,53.45,31-90 days,4-7 nights,couple
411,Resort Hotel,1,58,2015,July,29,15,2,5,2,0.0,0,BB,PRT,Online TA,TA/TO,0,0,0,D,D,0,No Deposit,240.0,0.0,0,Transient,131.86,0,0,Canceled,2015-06-25,7,2015-07-15,7,2.0,0,1,0,65.93,31-90 days,4-7 nights,couple
412,Resort Hotel,0,37,2015,July,29,15,2,6,2,2.0,0,BB,GBR,Online TA,TA/TO,0,0,0,H,H,0,No Deposit,240.0,0.0,0,Transient,216.13,1,0,Check-Out,2015-07-23,7,2015-07-15,8,4.0,1,1,0,54.0325,31-90 days,8-14 nights,family
413,Resort Hotel,0,57,2015,July,29,15,0,2,2,0.0,0,FB,PRT,Groups,Direct,0,0,0,A,C,0,No Deposit,305.0,0.0,0,Transient-Party,107.0,0,0,Check-Out,2015-07-17,7,2015-07-15,2,2.0,0,1,0,53.5,31-90 days,2-3 nights,couple
414,Resort Hotel,0,57,2015,July,29,15,0,2,2,0.0,0,FB,PRT,Groups,Direct,0,0,0,A,A,0,No Deposit,305.0,0.0,0,Transient-Party,107.0,0,0,Check-Out,2015-07-17,7,2015-07-15,2,2.0,0,1,0,53.5,31-90 days,2-3 nights,couple
415,Resort Hotel,0,57,2015,July,29,15,0,2,2,0.0,0,FB,PRT,Groups,Direct,0,0,0,A,A,0,No Deposit,305.0,0.0,0,Transient-Party,107.0,0,0,Check-Out,2015-07-17,7,2015-07-15,2,2.0,0,1,0,53.5,31-90 days,2-3 nights,couple
416,Resort Hotel,0,57,2015,July,29,15,0,2,2,0.0,0,FB,PRT,Groups,Direct,0,0,0,A,C,0,No Deposit,305.0,0.0,0,Transient-Party,107.0,0,0,Check-Out,2015-07-17,7,2015-07-15,2,2.0,0,1,0,53.5,31-90 days,2-3 nights,couple
417,Resort Hotel,0,57,2015,July,29,15,0,2,2,0.0,0,FB,PRT,Groups,Direct,0,0,0,A,D,0,No Deposit,305.0,0.0,0,Transient,107.0,0,0,Check-Out,2015-07-17,7,2015-07-15,2,2.0,0,1,0,53.5,31-90 days,2-3 nights,couple
418,Resort Hotel,0,83,2015,July,29,15,2,7,2,2.0,0,BB,GBR,Online TA,TA/TO,0,0,0,G,G,0,No Deposit,240.0,0.0,0,Transient,190.33,0,1,Check-Out,2015-07-24,7,2015-07-15,9,4.0,1,1,0,47.5825,31-90 days,8-14 nights,family
419,Resort Hotel,0,57,2015,July,29,15,0,2,2,0.0,0,FB,PRT,Groups,Direct,0,0,0,A,A,0,No Deposit,305.0,0.0,0,Transient,107.0,0,0,Check-Out,2015-07-17,7,2015-07-15,2,2.0,0,1,0,53.5,31-90 days,2-3 nights,couple
420,Resort Hotel,0,57,2015,July,29,15,0,2,1,0.0,0,FB,PRT,Groups,Direct,0,0,0,A,F,1,No Deposit,305.0,0.0,0,Transient-Party,94.0,0,0,Check-Out,2015-07-17,7,2015-07-15,2,1.0,0,1,0,94.0,31-90 days,2-3 nights,solo
421,Resort Hotel,1,57,2015,July,29,15,0,2,2,0.0,0,FB,PRT,Groups,Direct,0,0,0,A,A,0,No Deposit,305.0,0.0,0,Transient-Party,0.0,0,0,Canceled,2015-07-13,7,2015-07-15,2,2.0,0,1,0,0.0,31-90 days,2-3 nights,couple
422,Resort Hotel,0,57,2015,July,29,15,0,2,2,0.0,0,FB,PRT,Groups,Direct,0,0,0,A,C,0,No Deposit,305.0,0.0,0,Transient-Party,98.75,0,0,Check-Out,2015-07-17,7,2015-07-15,2,2.0,0,1,0,49.375,31-90 days,2-3 nights,couple
423,Resort Hotel,0,57,2015,July,29,15,0,2,3,0.0,0,FB,PRT,Groups,Direct,0,0,0,A,C,1,No Deposit,305.0,0.0,0,Transient-Party,148.23,0,0,Check-Out,2015-07-17,7,2015-07-15,2,3.0,0,1,0,49.41,31-90 days,2-3 nights,group
424,Resort Hotel,0,57,2015,July,29,15,0,2,1,0.0,0,FB,PRT,Groups,Direct,0,0,0,A,E,1,No Deposit,305.0,0.0,0,Transient-Party,94.0,0,0,Check-Out,2015-07-17,7,2015-07-15,2,1.0,0,1,0,94.0,31-90 days,2-3 nights,solo
425,Resort Hotel,0,57,2015,July,29,15,0,2,2,0.0,0,FB,PRT,Groups,Direct,0,0,0,A,D,0,No Deposit,305.0,0.0,0,Transient,107.0,0,0,Check-Out,2015-07-17,7,2015-07-15,2,2.0,0,1,0,53.5,31-90 days,2-3 nights,couple
426,Resort Hotel,0,57,2015,July,29,15,0,2,2,0.0,0,FB,PRT,Groups,Direct,0,0,0,A,D,0,No Deposit,305.0,0.0,0,Transient,107.0,0,0,Check-Out,2015-07-17,7,2015-07-15,2,2.0,0,1,0,53.5,31-90 days,2-3 nights,couple
427,Resort Hotel,0,57,2015,July,29,15,0,2,3,0.0,0,FB,PRT,Groups,Direct,0,0,0,A,C,1,No Deposit,305.0,0.0,0,Transient-Party,148.23,0,0,Check-Out,2015-07-17,7,2015-07-15,2,3.0,0,1,0,49.41,31-90 days,2-3 nights,group
428,Resort Hotel,0,57,2015,July,29,15,0,2,1,0.0,0,FB,PRT,Groups,Direct,0,0,0,A,A,1,No Deposit,305.0,0.0,0,Transient-Party,0.0,0,0,Check-Out,2015-07-17,7,2015-07-15,2,1.0,0,1,0,0.0,31-90 days,2-3 nights,solo
429,Resort Hotel,0,57,2015,July,29,15,0,2,2,0.0,0,FB,PRT,Groups,Direct,0,0,0,A,A,0,No Deposit,305.0,0.0,0,Transient-Party,107.0,0,0,Check-Out,2015-07-17,7,2015-07-15,2,2.0,0,1,0,53.5,31-90 days,2-3 nights,couple
430,Resort Hotel,0,57,2015,July,29,15,0,2,2,0.0,0,FB,PRT,Groups,Direct,0,0,0,A,A,0,No Deposit,305.0,0.0,0,Transient,107.0,0,0,Check-Out,2015-07-17,7,2015-07-15,2,2.0,0,1,0,53.5,31-90 days,2-3 nights,couple
431,Resort Hotel,0,57,2015,July,29,15,0,2,2,0.0,0,FB,PRT,Groups,Direct,0,0,0,A,A,0,No Deposit,305.0,0.0,0,Transient,107.0,0,0,Check-Out,2015-07-17,7,2015-07-15,2,2.0,0,1,0,53.5,31-90 days,2-3 nights,couple
432,Resort Hotel,0,57,2015,July,29,15,0,2,2,0.0,0,FB,PRT,Groups,Direct,0,0,0,A,A,0,No Deposit,305.0,0.0,0,Transient-Party,107.0,0,0,Check-Out,2015-07-17,7,2015-07-15,2,2.0,0,1,0,53.5,31-90 days,2-3 nights,couple
433,Resort Hotel,0,57,2015,July,29,15,0,2,2,0.0,0,FB,PRT,Groups,Direct,0,0,0,A,C,0,No Deposit,305.0,0.0,0,Transient-Party,98.75,0,0,Check-Out,2015-07-17,7,2015-07-15,2,2.0,0,1,0,49.375,31-90 days,2-3 nights,couple
434,Resort Hotel,1,66,2015,July,29,16,0,2,2,2.0,0,BB,PRT,Online TA,TA/TO,0,0,0,G,G,0,No Deposit,240.0,0.0,0,Transient,195.0,0,1,Canceled,2015-07-02,7,2015-07-16,2,4.0,1,1,0,48.75,31-90 days,2-3 nights,family
435,Resort Hotel,0,13,2015,July,29,16,0,2,2,0.0,0,BB,DNK,Online TA,TA/TO,0,0,0,A,D,0,No Deposit,240.0,0.0,0,Transient,120.6,0,1,Check-Out,2015-07-18,7,2015-07-16,2,2.0,0,1,0,60.3,8-30 days,2-3 nights,couple
436,Resort Hotel,0,50,2015,July,29,16,0,1,2,0.0,0,BB,FIN,Online TA,TA/TO,0,0,0,F,F,0,No Deposit,241.0,0.0,0,Transient,123.2,0,0,Check-Out,2015-07-17,7,2015-07-16,1,2.0,0,1,0,61.6,31-90 days,0-1 nights,couple
437,Resort Hotel,1,48,2015,July,29,16,0,1,1,0.0,0,BB,PRT,Direct,Direct,0,0,0,A,A,0,No Deposit,146.0,0.0,0,Transient,112.0,0,0,Canceled,2015-06-05,7,2015-07-16,1,1.0,0,1,0,112.0,31-90 days,0-1 nights,solo
438,Resort Hotel,1,0,2015,July,29,16,0,1,2,0.0,0,BB,PRT,Online TA,TA/TO,0,0,0,F,F,0,No Deposit,241.0,0.0,0,Transient,123.2,0,0,Canceled,2015-07-16,7,2015-07-16,1,2.0,0,1,0,61.6,0-7 days,0-1 nights,couple
439,Resort Hotel,0,7,2015,July,29,16,0,1,2,2.0,0,BB,USA,Online TA,TA/TO,0,0,0,C,C,1,No Deposit,242.0,0.0,0,Transient,169.0,1,1,Check-Out,2015-07-17,7,2015-07-16,1,4.0,1,1,0,42.25,0-7 days,0-1 nights,family
440,Resort Hotel,0,0,2015,July,29,16,0,2,2,2.0,0,BB,PRT,Direct,Direct,0,0,0,H,G,1,No Deposit,0.0,0.0,0,Transient,198.0,1,0,Check-Out,2015-07-18,7,2015-07-16,2,4.0,1,0,0,49.5,0-7 days,2-3 nights,family
441,Resort Hotel,1,66,2015,July,29,16,0,2,2,0.0,0,BB,PRT,Online TA,TA/TO,0,0,0,A,A,0,No Deposit,240.0,0.0,0,Transient,103.5,0,1,Canceled,2015-07-02,7,2015-07-16,2,2.0,0,1,0,51.75,31-90 days,2-3 nights,couple
442,Resort Hotel,0,13,2015,July,29,16,0,2,2,1.0,0,BB,PRT,Online TA,TA/TO,0,0,0,A,D,0,No Deposit,240.0,0.0,0,Transient,135.6,0,1,Check-Out,2015-07-18,7,2015-07-16,2,3.0,1,1,0,45.199999999999996,8-30 days,2-3 nights,family
443,Resort Hotel,0,66,2015,July,29,16,0,2,2,0.0,0,BB,DNK,Online TA,TA/TO,0,0,0,A,A,0,No Deposit,240.0,0.0,0,Transient,103.5,0,1,Check-Out,2015-07-18,7,2015-07-16,2,2.0,0,1,0,51.75,31-90 days,2-3 nights,couple
444,Resort Hotel,0,10,2015,July,29,16,0,3,2,0.0,0,BB,ESP,Direct,Direct,0,0,0,D,D,0,No Deposit,250.0,0.0,0,Transient,184.0,1,0,Check-Out,2015-07-19,7,2015-07-16,3,2.0,0,1,0,92.0,8-30 days,2-3 nights,couple
445,Resort Hotel,1,10,2015,July,29,16,0,3,2,0.0,0,BB,PRT,Direct,Direct,0,0,0,A,A,0,No Deposit,250.0,0.0,0,Transient,134.0,0,0,Canceled,2015-07-13,7,2015-07-16,3,2.0,0,1,0,67.0,8-30 days,2-3 nights,couple
446,Resort Hotel,1,58,2015,July,29,16,0,3,2,0.0,0,HB,PRT,Online TA,TA/TO,0,0,0,A,A,0,No Deposit,240.0,0.0,0,Transient,147.0,0,0,Canceled,2015-06-19,7,2015-07-16,3,2.0,0,1,0,73.5,31-90 days,2-3 nights,couple
447,Resort Hotel,1,17,2015,July,29,16,0,3,2,0.0,0,HB,PRT,Online TA,TA/TO,0,0,0,A,A,0,No Deposit,240.0,0.0,0,Transient,151.33,0,0,Canceled,2015-06-30,7,2015-07-16,3,2.0,0,1,0,75.665,8-30 days,2-3 nights,couple
448,Resort Hotel,0,19,2015,July,29,16,0,3,2,0.0,0,BB,ESP,Online TA,TA/TO,0,0,0,A,D,0,No Deposit,240.0,0.0,0,Transient,121.33,0,1,Check-Out,2015-07-19,7,2015-07-16,3,2.0,0,1,0,60.665,8-30 days,2-3 nights,couple
449,Resort Hotel,0,10,2015,July,29,16,2,3,2,0.0,0,BB,IRL,Direct,Direct,0,0,0,D,D,0,No Deposit,250.0,0.0,0,Transient-Party,150.2,0,1,Check-Out,2015-07-21,7,2015-07-16,5,2.0,0,1,0,75.1,8-30 days,4-7 nights,couple
450,Resort Hotel,1,12,2015,July,29,16,2,3,2,0.0,0,BB,PRT,Direct,Direct,0,0,0,E,E,0,No Deposit,0.0,178.0,0,Transient,139.0,0,0,Canceled,2015-07-07,7,2015-07-16,5,2.0,0,0,1,69.5,8-30 days,4-7 nights,couple
451,Resort Hotel,0,10,2015,July,29,16,2,3,1,0.0,0,BB,IRL,Direct,Direct,0,0,0,D,D,1,No Deposit,250.0,0.0,0,Transient-Party,150.2,0,1,Check-Out,2015-07-21,7,2015-07-16,5,1.0,0,1,0,150.2,8-30 days,4-7 nights,solo
452,Resort Hotel,0,63,2015,July,29,16,1,3,2,0.0,0,BB,PRT,Online TA,TA/TO,0,0,0,A,F,0,No Deposit,147.0,0.0,0,Transient,75.44,0,1,Check-Out,2015-07-20,7,2015-07-16,4,2.0,0,1,0,37.72,31-90 days,4-7 nights,couple
453,Resort Hotel,1,35,2015,July,29,16,1,3,2,0.0,0,BB,PRT,Online TA,TA/TO,0,0,0,D,D,0,No Deposit,240.0,0.0,0,Transient,135.0,0,0,Canceled,2015-06-13,7,2015-07-16,4,2.0,0,1,0,67.5,31-90 days,4-7 nights,couple
454,Resort Hotel,0,113,2015,July,29,16,2,4,2,0.0,0,HB,PRT,Online TA,TA/TO,0,0,0,A,A,0,No Deposit,240.0,0.0,0,Transient,166.0,0,1,Check-Out,2015-07-22,7,2015-07-16,6,2.0,0,1,0,83.0,91-180 days,4-7 nights,couple
455,Resort Hotel,1,35,2015,July,29,16,2,4,2,0.0,0,BB,PRT,Online TA,TA/TO,0,0,0,D,D,0,No Deposit,240.0,0.0,0,Transient,135.0,0,0,Canceled,2015-06-11,7,2015-07-16,6,2.0,0,1,0,67.5,31-90 days,4-7 nights,couple
456,Resort Hotel,0,68,2015,July,29,16,2,5,2,0.0,0,HB,GBR,Offline TA/TO,TA/TO,0,0,0,A,A,0,No Deposit,243.0,0.0,0,Contract,130.0,0,0,Check-Out,2015-07-23,7,2015-07-16,7,2.0,0,1,0,65.0,31-90 days,4-7 nights,couple
457,Resort Hotel,0,113,2015,July,29,16,2,6,2,0.0,0,BB,PRT,Offline TA/TO,TA/TO,0,0,0,A,A,1,No Deposit,67.0,0.0,0,Transient,96.3,0,0,Check-Out,2015-07-24,7,2015-07-16,8,2.0,0,1,0,48.15,91-180 days,8-14 nights,couple
458,Resort Hotel,0,21,2015,July,29,16,4,10,1,0.0,0,HB,PRT,Direct,Direct,0,0,0,E,E,1,No Deposit,0.0,0.0,0,Transient,160.0,0,0,Check-Out,2015-07-30,7,2015-07-16,14,1.0,0,0,0,160.0,8-30 days,8-14 nights,solo
459,Resort Hotel,0,6,2015,July,29,17,0,0,2,0.0,0,BB,PRT,Online TA,TA/TO,0,0,0,A,A,0,No Deposit,240.0,0.0,0,Transient,0.0,0,1,Check-Out,2015-07-17,7,2015-07-17,0,2.0,0,1,0,0.0,0-7 days,0-1 nights,couple
460,Resort Hotel,0,7,2015,July,29,17,0,2,2,0.0,0,BB,PRT,Direct,Direct,0,0,0,A,F,0,No Deposit,0.0,0.0,0,Transient,127.25,0,1,Check-Out,2015-07-19,7,2015-07-17,2,2.0,0,0,0,63.625,0-7 days,2-3 nights,couple
461,Resort Hotel,0,17,2015,July,29,17,0,2,2,0.0,0,BB,PRT,Online TA,TA/TO,0,0,0,E,F,0,No Deposit,240.0,0.0,0,Transient,164.0,0,2,Check-Out,2015-07-19,7,2015-07-17,2,2.0,0,1,0,82.0,8-30 days,2-3 nights,couple
462,Resort Hotel,0,1,2015,July,29,17,0,2,2,0.0,0,BB,PRT,Online TA,TA/TO,0,0,0,D,E,0,No Deposit,240.0,0.0,0,Transient,144.5,0,0,Check-Out,2015-07-19,7,2015-07-17,2,2.0,0,1,0,72.25,0-7 days,2-3 nights,couple
463,Resort Hotel,0,2,2015,July,29,17,0,2,2,0.0,0,BB,PRT,Offline TA/TO,TA/TO,0,0,0,A,A,0,No Deposit,196.0,0.0,0,Transient,112.0,0,0,Check-Out,2015-07-19,7,2015-07-17,2,2.0,0,1,0,56.0,0-7 days,2-3 nights,couple
464,Resort Hotel,1,15,2015,July,29,17,0,2,2,0.0,0,BB,PRT,Online TA,TA/TO,0,0,0,A,A,0,No Deposit,240.0,0.0,0,Transient,134.0,0,1,Canceled,2015-07-06,7,2015-07-17,2,2.0,0,1,0,67.0,8-30 days,2-3 nights,couple
465,Resort Hotel,1,7,2015,July,29,17,0,2,2,0.0,0,BB,PRT,Direct,Direct,0,0,0,A,A,0,No Deposit,0.0,0.0,0,Transient,127.25,0,1,Canceled,2015-07-13,7,2015-07-17,2,2.0,0,0,0,63.625,0-7 days,2-3 nights,couple
466,Resort Hotel,0,11,2015,July,29,17,0,2,2,0.0,0,BB,ESP,Online TA,TA/TO,0,0,0,A,D,0,No Deposit,240.0,0.0,0,Transient,155.5,1,0,Check-Out,2015-07-19,7,2015-07-17,2,2.0,0,1,0,77.75,8-30 days,2-3 nights,couple
467,Resort Hotel,1,6,2015,July,29,17,0,2,2,0.0,0,BB,PRT,Online TA,TA/TO,0,0,0,A,C,0,No Deposit,241.0,0.0,0,Transient,110.5,0,1,No-Show,2015-07-17,7,2015-07-17,2,2.0,0,1,0,55.25,0-7 days,2-3 nights,couple
468,Resort Hotel,0,1,2015,July,29,17,0,2,2,0.0,0,BB,PRT,Direct,Direct,0,0,0,D,D,0,No Deposit,0.0,0.0,0,Transient,144.5,0,0,Check-Out,2015-07-19,7,2015-07-17,2,2.0,0,0,0,72.25,0-7 days,2-3 nights,couple
469,Resort Hotel,0,1,2015,July,29,17,0,2,2,0.0,0,BB,ESP,Direct,Direct,0,0,0,D,E,0,No Deposit,250.0,0.0,0,Transient,144.5,0,0,Check-Out,2015-07-19,7,2015-07-17,2,2.0,0,1,0,72.25,0-7 days,2-3 nights,couple
470,Resort Hotel,0,48,2015,July,29,17,0,2,2,0.0,0,BB,PRT,Offline TA/TO,TA/TO,0,0,0,D,F,0,No Deposit,196.0,0.0,0,Transient,123.0,0,0,Check-Out,2015-07-19,7,2015-07-17,2,2.0,0,1,0,61.5,31-90 days,2-3 nights,couple
471,Resort Hotel,0,15,2015,July,29,17,0,2,2,0.0,0,BB,PRT,Online TA,TA/TO,0,0,0,A,E,0,No Deposit,240.0,0.0,0,Transient,120.6,0,1,Check-Out,2015-07-19,7,2015-07-17,2,2.0,0,1,0,60.3,8-30 days,2-3 nights,couple
472,Resort Hotel,1,3,2015,July,29,17,0,2,1,0.0,0,BB,PRT,Offline TA/TO,TA/TO,0,0,0,A,A,0,No Deposit,5.0,0.0,0,Transient,107.6,0,0,No-Show,2015-07-17,7,2015-07-17,2,1.0,0,1,0,107.6,0-7 days,2-3 nights,solo
473,Resort Hotel,1,23,2015,July,29,17,1,2,2,0.0,0,BB,PRT,Online TA,TA/TO,0,0,0,A,A,0,No Deposit,240.0,0.0,0,Transient,120.6,0,1,Canceled,2015-07-04,7,2015-07-17,3,2.0,0,1,0,60.3,8-30 days,2-3 nights,couple
474,Resort Hotel,0,53,2015,July,29,17,2,3,2,0.0,0,BB,PRT,Offline TA/TO,TA/TO,0,0,0,A,A,0,No Deposit,152.0,0.0,0,Transient-Party,107.0,0,0,Check-Out,2015-07-22,7,2015-07-17,5,2.0,0,1,0,53.5,31-90 days,4-7 nights,couple
475,Resort Hotel,0,53,2015,July,29,17,2,3,2,1.0,0,BB,PRT,Offline TA/TO,TA/TO,0,0,0,A,A,0,No Deposit,152.0,0.0,0,Transient-Party,133.75,1,0,Check-Out,2015-07-22,7,2015-07-17,5,3.0,1,1,0,44.583333333333336,31-90 days,4-7 nights,family
476,Resort Hotel,0,94,2015,July,29,17,2,3,2,0.0,0,BB,ESP,Direct,Direct,0,0,0,A,D,0,No Deposit,250.0,0.0,0,Transient,103.5,0,0,Check-Out,2015-07-22,7,2015-07-17,5,2.0,0,1,0,51.75,91-180 days,4-7 nights,couple
477,Resort Hotel,0,64,2015,July,29,17,2,3,1,0.0,0,BB,PRT,Offline TA/TO,TA/TO,0,0,0,A,A,0,No Deposit,175.0,0.0,0,Transient-Party,84.8,0,1,Check-Out,2015-07-22,7,2015-07-17,5,1.0,0,1,0,84.8,31-90 days,4-7 nights,solo
478,Resort Hotel,0,53,2015,July,29,17,2,3,2,0.0,0,BB,PRT,Offline TA/TO,TA/TO,0,0,0,A,A,0,No Deposit,152.0,0.0,0,Transient-Party,107.0,0,0,Check-Out,2015-07-22,7,2015-07-17,5,2.0,0,1,0,53.5,31-90 days,4-7 nights,couple
479,Resort Hotel,0,53,2015,July,29,17,2,3,1,0.0,0,BB,PRT,Offline TA/TO,TA/TO,0,0,0,A,A,0,No Deposit,152.0,0.0,0,Transient-Party,107.0,1,0,Check-Out,2015-07-22,7,2015-07-17,5,1.0,0,1,0,107.0,31-90 days,4-7 nights,solo
480,Resort Hotel,0,64,2015,July,29,17,2,3,1,0.0,0,BB,PRT,Offline TA/TO,TA/TO,0,0,0,A,A,0,No Deposit,175.0,0.0,0,Transient-Party,84.8,0,1,Check-Out,2015-07-22,7,2015-07-17,5,1.0,0,1,0,84.8,31-90 days,4-7 nights,solo
481,Resort Hotel,0,53,2015,July,29,17,2,3,2,0.0,0,BB,PRT,Offline TA/TO,TA/TO,0,0,0,A,A,0,No Deposit,152.0,0.0,0,Transient-Party,107.0,1,0,Check-Out,2015-07-22,7,2015-07-17,5,2.0,0,1,0,53.5,31-90 days,4-7 nights,couple
482,Resort Hotel,0,24,2015,July,29,17,2,3,3,1.0,0,BB,PRT,Direct,Direct,0,0,0,G,G,1,No Deposit,0.0,0.0,0,Transient,195.0,0,1,Check-Out,2015-07-22,7,2015-07-17,5,4.0,1,0,0,48.75,8-30 days,4-7 nights,family
483,Resort Hotel,0,24,2015,July,29,17,2,4,2,0.0,0,BB,PRT,Online TA,TA/TO,0,0,0,E,E,0,No Deposit,240.0,0.0,0,Transient,164.0,0,0,Check-Out,2015-07-23,7,2015-07-17,6,2.0,0,1,0,82.0,8-30 days,4-7 nights,couple
484,Resort Hotel,0,23,2015,July,29,17,2,5,2,2.0,0,BB,ESP,Direct,Direct,0,0,0,G,G,0,No Deposit,250.0,0.0,0,Transient,195.0,0,0,Check-Out,2015-07-24,7,2015-07-17,7,4.0,1,1,0,48.75,8-30 days,4-7 nights,family
485,Resort Hotel,0,53,2015,July,29,17,2,5,2,0.0,0,BB,IRL,Online TA,TA/TO,0,0,0,A,D,1,No Deposit,240.0,0.0,0,Transient,125.0,0,2,Check-Out,2015-07-24,7,2015-07-17,7,2.0,0,1,0,62.5,31-90 days,4-7 nights,couple
486,Resort Hotel,1,23,2015,July,29,17,2,5,2,2.0,0,BB,PRT,Direct,Direct,0,0,0,G,G,0,No Deposit,250.0,0.0,0,Transient,195.0,0,0,Canceled,2015-06-24,7,2015-07-17,7,4.0,1,1,0,48.75,8-30 days,4-7 nights,family
487,Resort Hotel,0,90,2015,July,29,17,2,5,2,0.0,0,HB,PRT,Online TA,TA/TO,0,0,0,A,A,1,No Deposit,240.0,0.0,0,Transient,132.3,0,3,Check-Out,2015-07-24,7,2015-07-17,7,2.0,0,1,0,66.15,31-90 days,4-7 nights,couple
488,Resort Hotel,0,79,2015,July,29,17,2,5,2,0.0,0,BB,PRT,Online TA,TA/TO,0,0,0,E,E,0,No Deposit,240.0,0.0,0,Transient,145.0,0,2,Check-Out,2015-07-24,7,2015-07-17,7,2.0,0,1,0,72.5,31-90 days,4-7 nights,couple
489,Resort Hotel,0,43,2015,July,29,17,2,5,2,0.0,0,BB,GBR,Offline TA/TO,TA/TO,0,0,0,A,A,0,No Deposit,142.0,0.0,0,Transient,92.0,0,0,Check-Out,2015-07-24,7,2015-07-17,7,2.0,0,1,0,46.0,31-90 days,4-7 nights,couple
490,Resort Hotel,0,90,2015,July,29,17,2,5,2,0.0,0,HB,PRT,Online TA,TA/TO,0,0,0,A,A,1,No Deposit,240.0,0.0,0,Transient,132.3,0,3,Check-Out,2015-07-24,7,2015-07-17,7,2.0,0,1,0,66.15,31-90 days,4-7 nights,couple
491,Resort Hotel,0,65,2015,July,29,17,2,6,2,0.0,0,HB,ESP,Online TA,TA/TO,0,0,0,A,A,0,No Deposit,240.0,0.0,0,Transient,147.0,0,2,Check-Out,2015-07-25,7,2015-07-17,8,2.0,0,1,0,73.5,31-90 days,8-14 nights,couple
492,Resort Hotel,0,65,2015,July,29,17,2,6,2,0.0,0,HB,ESP,Online TA,TA/TO,0,0,0,D,D,0,No Deposit,240.0,0.0,0,Transient,167.0,1,2,Check-Out,2015-07-25,7,2015-07-17,8,2.0,0,1,0,83.5,31-90 days,8-14 nights,couple
493,Resort Hotel,0,99,2015,July,29,17,2,6,3,0.0,0,BB,FRA,Direct,Direct,0,0,0,H,H,0,No Deposit,250.0,0.0,0,Transient,210.0,0,1,Check-Out,2015-07-25,7,2015-07-17,8,3.0,0,1,0,70.0,91-180 days,8-14 nights,group
494,Resort Hotel,0,25,2015,July,29,17,3,7,2,0.0,0,HB,ESP,Direct,Direct,0,0,0,F,F,1,No Deposit,0.0,0.0,0,Transient,194.9,0,2,Check-Out,2015-07-27,7,2015-07-17,10,2.0,0,0,0,97.45,8-30 days,8-14 nights,couple
495,Resort Hotel,0,92,2015,July,29,17,1,2,2,0.0,0,BB,MOZ,Online TA,TA/TO,0,0,0,A,A,3,No Deposit,240.0,0.0,0,Transient,103.5,1,3,Check-Out,2015-07-20,7,2015-07-17,3,2.0,0,1,0,51.75,91-180 days,2-3 nights,couple
496,Resort Hotel,0,91,2015,July,29,17,1,2,2,1.0,0,BB,BWA,Online TA,TA/TO,0,0,0,A,A,3,No Deposit,240.0,0.0,0,Transient,118.5,0,3,Check-Out,2015-07-20,7,2015-07-17,3,3.0,1,1,0,39.5,91-180 days,2-3 nights,family
497,Resort Hotel,0,38,2015,July,29,17,1,2,2,1.0,0,HB,PRT,Online TA,TA/TO,0,0,0,E,E,1,No Deposit,240.0,0.0,0,Transient,192.0,0,1,Check-Out,2015-07-20,7,2015-07-17,3,3.0,1,1,0,64.0,31-90 days,2-3 nights,family
498,Resort Hotel,0,6,2015,July,29,17,1,2,2,0.0,0,BB,GBR,Offline TA/TO,TA/TO,0,0,0,D,D,0,No Deposit,142.0,0.0,0,Contract,128.27,0,0,Check-Out,2015-07-20,7,2015-07-17,3,2.0,0,1,0,64.135,0-7 days,2-3 nights,couple
499,Resort Hotel,0,38,2015,July,29,17,1,2,2,0.0,0,BB,ESP,Online TA,TA/TO,0,0,0,D,D,0,No Deposit,240.0,0.0,0,Transient,135.0,0,0,Check-Out,2015-07-20,7,2015-07-17,3,2.0,0,1,0,67.5,31-90 days,2-3 nights,couple
500,Resort Hotel,0,13,2015,July,29,17,1,2,2,0.0,0,BB,DEU,Online TA,TA/TO,0,0,0,A,A,0,No Deposit,240.0,0.0,0,Transient,126.3,0,2,Check-Out,2015-07-20,7,2015-07-17,3,2.0,0,1,0,63.15,8-30 days,2-3 nights,couple
501,Resort Hotel,1,32,2015,July,29,17,1,2,2,0.0,0,BB,PRT,Online TA,TA/TO,0,0,0,D,D,0,No Deposit,240.0,0.0,0,Transient,154.0,0,0,Canceled,2015-06-24,7,2015-07-17,3,2.0,0,1,0,77.0,31-90 days,2-3 nights,couple
502,Resort Hotel,0,315,2015,July,29,17,1,2,2,0.0,0,BB,IRL,Offline TA/TO,TA/TO,0,0,0,A,D,0,No Deposit,171.0,0.0,0,Transient,96.3,0,0,Check-Out,2015-07-20,7,2015-07-17,3,2.0,0,1,0,48.15,181+ days,2-3 nights,couple
503,Resort Hotel,0,8,2015,July,29,17,1,2,2,0.0,0,BB,GBR,Online TA,TA/TO,0,0,0,A,D,0,No Deposit,240.0,0.0,0,Transient,126.3,0,2,Check-Out,2015-07-20,7,2015-07-17,3,2.0,0,1,0,63.15,8-30 days,2-3 nights,couple
504,Resort Hotel,1,0,2015,July,29,17,0,1,2,0.0,0,BB,PRT,Direct,Direct,0,0,0,L,C,0,No Deposit,0.0,0.0,0,Transient,136.0,0,0,Canceled,2015-07-17,7,2015-07-17,1,2.0,0,0,0,68.0,0-7 days,0-1 nights,couple
505,Resort Hotel,0,91,2015,July,29,17,1,2,2,1.0,0,BB,MOZ,Online TA,TA/TO,0,0,0,A,A,4,No Deposit,240.0,0.0,0,Transient,118.5,0,3,Check-Out,2015-07-20,7,2015-07-17,3,3.0,1,1,0,39.5,91-180 days,2-3 nights,family
506,Resort Hotel,0,3,2015,July,29,17,1,2,2,0.0,0,BB,ESP,Online TA,TA/TO,0,0,0,A,C,0,No Deposit,240.0,0.0,0,Transient,116.33,1,1,Check-Out,2015-07-20,7,2015-07-17,3,2.0,0,1,0,58.165,0-7 days,2-3 nights,couple
507,Resort Hotel,0,9,2015,July,29,17,2,2,3,0.0,0,BB,PRT,Direct,Direct,0,0,0,A,A,0,No Deposit,0.0,0.0,0,Transient,164.0,0,1,Check-Out,2015-07-21,7,2015-07-17,4,3.0,0,0,0,54.666666666666664,8-30 days,4-7 nights,group
508,Resort Hotel,0,19,2015,July,29,18,2,1,2,0.0,0,BB,ESP,Online TA,TA/TO,0,0,0,D,F,0,No Deposit,240.0,0.0,0,Transient,147.67,0,2,Check-Out,2015-07-21,7,2015-07-18,3,2.0,0,1,0,73.835,8-30 days,2-3 nights,couple
509,Resort Hotel,0,25,2015,July,29,18,2,4,2,0.0,0,BB,PRT,Direct,Direct,0,0,0,E,E,0,No Deposit,250.0,0.0,0,Transient,145.0,0,0,Check-Out,2015-07-24,7,2015-07-18,6,2.0,0,1,0,72.5,8-30 days,4-7 nights,couple
510,Resort Hotel,0,108,2015,July,29,18,2,4,2,1.0,0,HB,LUX,Online TA,TA/TO,0,0,0,A,A,1,No Deposit,240.0,0.0,0,Transient,147.0,1,2,Check-Out,2015-07-24,7,2015-07-18,6,3.0,1,1,0,49.0,91-180 days,4-7 nights,family
511,Resort Hotel,1,37,2015,July,29,18,2,4,2,2.0,0,HB,PRT,Online TA,TA/TO,0,0,0,C,C,0,No Deposit,242.0,0.0,0,Transient,168.3,0,0,Canceled,2015-07-18,7,2015-07-18,6,4.0,1,1,0,42.075,31-90 days,4-7 nights,family
512,Resort Hotel,0,45,2015,July,29,18,2,5,2,0.0,0,HB,PRT,Online TA,TA/TO,0,0,0,D,D,0,No Deposit,240.0,0.0,0,Transient,167.0,0,0,Check-Out,2015-07-25,7,2015-07-18,7,2.0,0,1,0,83.5,31-90 days,4-7 nights,couple
513,Resort Hotel,0,64,2015,July,29,18,2,5,2,0.0,0,BB,PRT,Direct,Direct,0,0,0,E,E,0,No Deposit,0.0,0.0,0,Transient,137.75,1,1,Check-Out,2015-07-25,7,2015-07-18,7,2.0,0,0,0,68.875,31-90 days,4-7 nights,couple
514,Resort Hotel,0,44,2015,July,29,18,2,2,2,0.0,0,BB,PRT,Direct,Direct,0,0,0,E,E,1,No Deposit,250.0,0.0,0,Transient,145.0,0,0,Check-Out,2015-07-22,7,2015-07-18,4,2.0,0,1,0,72.5,31-90 days,4-7 nights,couple
515,Resort Hotel,0,26,2015,July,29,18,2,2,2,0.0,0,BB,PRT,Online TA,TA/TO,0,0,0,A,A,0,No Deposit,240.0,0.0,0,Transient,132.6,1,0,Check-Out,2015-07-22,7,2015-07-18,4,2.0,0,1,0,66.3,8-30 days,4-7 nights,couple
516,Resort Hotel,1,96,2015,July,29,18,2,2,2,0.0,0,HB,PRT,Online TA,TA/TO,0,0,0,A,A,0,No Deposit,240.0,0.0,0,Transient,147.0,0,0,Canceled,2015-04-29,7,2015-07-18,4,2.0,0,1,0,73.5,91-180 days,4-7 nights,couple
517,Resort Hotel,1,123,2015,July,29,18,2,2,2,0.0,1,BB,PRT,Online TA,TA/TO,0,0,0,E,E,1,No Deposit,240.0,0.0,0,Transient,157.0,0,2,Canceled,2015-06-04,7,2015-07-18,4,3.0,1,1,0,52.333333333333336,91-180 days,4-7 nights,family
518,Resort Hotel,1,42,2015,July,29,18,2,3,2,2.0,0,BB,PRT,Online TA,TA/TO,0,0,0,H,H,0,No Deposit,240.0,0.0,0,Transient,210.0,0,0,Canceled,2015-06-11,7,2015-07-18,5,4.0,1,1,0,52.5,31-90 days,4-7 nights,family
519,Resort Hotel,0,59,2015,July,29,18,2,3,2,0.0,0,BB,PRT,Offline TA/TO,TA/TO,0,0,0,E,E,0,No Deposit,8.0,0.0,0,Contract,132.5,0,0,Check-Out,2015-07-23,7,2015-07-18,5,2.0,0,1,0,66.25,31-90 days,4-7 nights,couple
520,Resort Hotel,0,28,2015,July,29,18,2,3,2,0.0,0,BB,GBR,Online TA,TA/TO,0,0,0,A,A,0,No Deposit,241.0,0.0,0,Transient,98.02,0,1,Check-Out,2015-07-23,7,2015-07-18,5,2.0,0,1,0,49.01,8-30 days,4-7 nights,couple
521,Resort Hotel,0,106,2015,July,29,18,2,3,2,1.0,1,BB,PRT,Direct,Direct,0,0,0,C,C,0,No Deposit,0.0,0.0,0,Transient,126.0,0,2,Check-Out,2015-07-23,7,2015-07-18,5,4.0,1,0,0,31.5,91-180 days,4-7 nights,family
522,Resort Hotel,0,1,2015,July,29,18,0,1,2,0.0,0,BB,PRT,Direct,Direct,0,0,0,D,D,0,No Deposit,0.0,0.0,0,Transient,173.0,0,1,Check-Out,2015-07-19,7,2015-07-18,1,2.0,0,0,0,86.5,0-7 days,0-1 nights,couple
523,Resort Hotel,0,0,2015,July,29,18,0,1,2,2.0,0,FB,PRT,Direct,Direct,0,0,0,C,C,0,No Deposit,0.0,0.0,0,Transient,249.0,0,0,Check-Out,2015-07-19,7,2015-07-18,1,4.0,1,0,0,62.25,0-7 days,0-1 nights,family
524,Resort Hotel,0,4,2015,July,29,18,1,1,1,2.0,0,BB,PRT,Online TA,TA/TO,0,0,0,G,G,0,No Deposit,240.0,0.0,0,Transient,186.5,0,0,Check-Out,2015-07-20,7,2015-07-18,2,3.0,1,1,0,62.166666666666664,0-7 days,2-3 nights,family
525,Resort Hotel,0,3,2015,July,29,18,2,1,1,0.0,0,BB,CN,Direct,Direct,0,0,0,D,E,0,No Deposit,0.0,0.0,0,Transient,95.0,0,1,Check-Out,2015-07-21,7,2015-07-18,3,1.0,0,0,0,95.0,0-7 days,2-3 nights,solo
526,Resort Hotel,0,73,2015,July,29,18,2,5,2,1.0,0,FB,PRT,Direct,Direct,0,0,0,D,D,0,No Deposit,0.0,0.0,0,Transient,241.5,0,2,Check-Out,2015-07-25,7,2015-07-18,7,3.0,1,0,0,80.5,31-90 days,4-7 nights,family
527,Resort Hotel,0,44,2015,July,29,18,2,5,2,0.0,0,HB,ESP,Online TA,TA/TO,0,0,0,E,E,0,No Deposit,240.0,0.0,0,Transient,177.0,1,0,Check-Out,2015-07-25,7,2015-07-18,7,2.0,0,1,0,88.5,31-90 days,4-7 nights,couple
528,Resort Hotel,0,95,2015,July,29,18,2,5,2,0.0,0,FB,PRT,Offline TA/TO,TA/TO,0,0,0,A,A,0,No Deposit,5.0,0.0,0,Transient,153.73,1,0,Check-Out,2015-07-25,7,2015-07-18,7,2.0,0,1,0,76.865,91-180 days,4-7 nights,couple
529,Resort Hotel,0,94,2015,July,29,18,2,5,2,0.0,0,BB,PRT,Direct,Direct,0,0,0,A,D,0,No Deposit,250.0,0.0,0,Transient,115.0,0,1,Check-Out,2015-07-25,7,2015-07-18,7,2.0,0,1,0,57.5,91-180 days,4-7 nights,couple
530,Resort Hotel,1,40,2015,July,29,18,2,5,2,0.0,0,HB,PRT,Offline TA/TO,TA/TO,0,0,0,D,D,0,No Deposit,196.0,0.0,0,Transient,127.03,0,2,Canceled,2015-06-24,7,2015-07-18,7,2.0,0,1,0,63.515,31-90 days,4-7 nights,couple
531,Resort Hotel,0,64,2015,July,29,18,2,5,2,0.0,0,BB,PRT,Direct,Direct,0,0,0,D,D,0,No Deposit,0.0,0.0,0,Transient,128.25,0,1,Check-Out,2015-07-25,7,2015-07-18,7,2.0,0,0,0,64.125,31-90 days,4-7 nights,couple
532,Resort Hotel,0,64,2015,July,29,18,2,5,2,0.0,0,BB,PRT,Direct,Direct,0,0,0,D,D,0,No Deposit,0.0,0.0,0,Transient,128.25,0,1,Check-Out,2015-07-25,7,2015-07-18,7,2.0,0,0,0,64.125,31-90 days,4-7 nights,couple
533,Resort Hotel,0,94,2015,July,29,18,2,5,2,0.0,0,BB,PRT,Direct,Direct,0,0,0,A,D,0,No Deposit,250.0,0.0,0,Transient,115.0,0,1,Check-Out,2015-07-25,7,2015-07-18,7,2.0,0,1,0,57.5,91-180 days,4-7 nights,couple
534,Resort Hotel,0,57,2015,July,29,18,2,6,2,0.0,0,HB,ESP,Offline TA/TO,TA/TO,0,0,0,A,A,0,No Deposit,196.0,0.0,0,Transient,135.0,0,1,Check-Out,2015-07-26,7,2015-07-18,8,2.0,0,1,0,67.5,31-90 days,8-14 nights,couple
535,Resort Hotel,1,60,2015,July,29,18,2,6,2,0.0,0,HB,PRT,Online TA,TA/TO,0,0,0,D,D,0,No Deposit,240.0,0.0,0,Transient,167.0,0,0,Canceled,2015-06-01,7,2015-07-18,8,2.0,0,1,0,83.5,31-90 days,8-14 nights,couple
536,Resort Hotel,0,57,2015,July,29,18,2,6,2,0.0,0,HB,ESP,Offline TA/TO,TA/TO,0,0,0,A,A,0,No Deposit,196.0,0.0,0,Transient,135.0,0,1,Check-Out,2015-07-26,7,2015-07-18,8,2.0,0,1,0,67.5,31-90 days,8-14 nights,couple
537,Resort Hotel,0,87,2015,July,29,18,4,10,2,0.0,0,BB,IRL,Online TA,TA/TO,0,0,0,A,A,0,No Deposit,240.0,0.0,0,Transient,124.5,0,0,Check-Out,2015-08-01,7,2015-07-18,14,2.0,0,1,0,62.25,31-90 days,8-14 nights,couple
538,Resort Hotel,0,0,2015,July,30,19,1,0,2,0.0,0,BB,PRT,Direct,Direct,0,0,0,A,A,0,No Deposit,0.0,0.0,0,Transient,98.0,0,0,Check-Out,2015-07-20,7,2015-07-19,1,2.0,0,0,0,49.0,0-7 days,0-1 nights,couple
539,Resort Hotel,0,0,2015,July,30,19,1,0,2,0.0,0,BB,PRT,Online TA,TA/TO,0,0,0,A,A,0,No Deposit,240.0,0.0,0,Group,98.0,1,0,Check-Out,2015-07-20,7,2015-07-19,1,2.0,0,1,0,49.0,0-7 days,0-1 nights,couple
540,Resort Hotel,0,6,2015,July,30,19,1,0,2,0.0,0,BB,NLD,Direct,Direct,0,0,0,D,D,0,No Deposit,250.0,0.0,0,Transient,135.0,0,0,Check-Out,2015-07-20,7,2015-07-19,1,2.0,0,1,0,67.5,0-7 days,0-1 nights,couple
541,Resort Hotel,0,0,2015,July,30,19,1,0,2,0.0,0,BB,PRT,Online TA,TA/TO,0,0,0,A,A,0,No Deposit,0.0,240.0,0,Group,88.2,0,0,Check-Out,2015-07-20,7,2015-07-19,1,2.0,0,0,1,44.1,0-7 days,0-1 nights,couple
542,Resort Hotel,0,19,2015,July,30,19,1,0,2,0.0,0,BB,PRT,Online TA,TA/TO,0,0,0,A,A,0,No Deposit,240.0,0.0,0,Transient,120.6,1,1,Check-Out,2015-07-20,7,2015-07-19,1,2.0,0,1,0,60.3,8-30 days,0-1 nights,couple
543,Resort Hotel,0,4,2015,July,30,19,2,0,2,0.0,0,BB,PRT,Online TA,TA/TO,0,0,0,E,E,0,No Deposit,240.0,0.0,0,Transient,154.5,1,2,Check-Out,2015-07-21,7,2015-07-19,2,2.0,0,1,0,77.25,0-7 days,2-3 nights,couple
544,Resort Hotel,1,59,2015,July,30,19,2,1,2,0.0,0,BB,PRT,Online TA,TA/TO,0,0,0,E,E,0,No Deposit,240.0,0.0,0,Transient,145.0,0,0,Canceled,2015-05-23,7,2015-07-19,3,2.0,0,1,0,72.5,31-90 days,2-3 nights,couple
545,Resort Hotel,0,44,2015,July,30,19,2,2,2,0.0,0,BB,PRT,Direct,Direct,0,0,0,A,A,0,No Deposit,0.0,0.0,0,Transient,92.0,0,0,Check-Out,2015-07-23,7,2015-07-19,4,2.0,0,0,0,46.0,31-90 days,4-7 nights,couple
546,Resort Hotel,1,37,2015,July,30,19,2,2,2,0.0,0,BB,PRT,Online TA,TA/TO,0,0,0,D,D,0,No Deposit,240.0,0.0,0,Transient,154.0,0,0,Canceled,2015-06-29,7,2015-07-19,4,2.0,0,1,0,77.0,31-90 days,4-7 nights,couple
547,Resort Hotel,0,66,2015,July,30,19,2,3,2,0.0,0,BB,PRT,Direct,Direct,0,0,0,A,A,0,No Deposit,0.0,0.0,0,Transient,115.0,0,1,Check-Out,2015-07-24,7,2015-07-19,5,2.0,0,0,0,57.5,31-90 days,4-7 nights,couple
548,Resort Hotel,1,38,2015,July,30,19,2,4,1,0.0,0,BB,PRT,Offline TA/TO,TA/TO,0,0,0,D,D,0,No Deposit,5.0,0.0,0,Transient,110.53,0,0,Canceled,2015-06-19,7,2015-07-19,6,1.0,0,1,0,110.53,31-90 days,4-7 nights,solo
549,Resort Hotel,1,62,2015,July,30,19,2,5,2,0.0,0,HB,PRT,Offline TA/TO,TA/TO,0,0,0,E,E,0,No Deposit,261.0,0.0,0,Transient,158.5,0,1,Canceled,2015-06-17,7,2015-07-19,7,2.0,0,1,0,79.25,31-90 days,4-7 nights,couple
550,Resort Hotel,0,41,2015,July,30,19,2,5,2,2.0,0,HB,ESP,Online TA,TA/TO,0,0,0,C,C,0,No Deposit,241.0,0.0,0,Transient,131.37,0,1,Check-Out,2015-07-26,7,2015-07-19,7,4.0,1,1,0,32.8425,31-90 days,4-7 nights,family
551,Resort Hotel,1,60,2015,July,30,19,2,5,2,0.0,0,BB,PRT,Online TA,TA/TO,0,0,0,A,A,0,No Deposit,240.0,0.0,0,Transient,117.71,0,0,Canceled,2015-05-27,7,2015-07-19,7,2.0,0,1,0,58.855,31-90 days,4-7 nights,couple
552,Resort Hotel,0,104,2015,July,30,19,2,5,2,0.0,0,BB,GBR,Offline TA/TO,TA/TO,0,0,0,D,D,0,No Deposit,115.0,0.0,0,Contract,123.0,0,1,Check-Out,2015-07-26,7,2015-07-19,7,2.0,0,1,0,61.5,91-180 days,4-7 nights,couple
553,Resort Hotel,1,62,2015,July,30,19,2,5,2,0.0,0,HB,PRT,Offline TA/TO,TA/TO,0,0,0,E,E,0,No Deposit,261.0,0.0,0,Transient,158.5,0,1,Canceled,2015-06-17,7,2015-07-19,7,2.0,0,1,0,79.25,31-90 days,4-7 nights,couple
554,Resort Hotel,0,117,2015,July,30,19,2,5,2,0.0,0,BB,RUS,Online TA,TA/TO,0,0,0,A,A,1,No Deposit,240.0,0.0,0,Transient,117.84,0,2,Check-Out,2015-07-26,7,2015-07-19,7,2.0,0,1,0,58.92,91-180 days,4-7 nights,couple
555,Resort Hotel,1,31,2015,July,30,19,2,5,2,0.0,0,BB,PRT,Online TA,TA/TO,0,0,0,D,D,0,No Deposit,240.0,0.0,0,Transient,154.0,0,0,Canceled,2015-06-19,7,2015-07-19,7,2.0,0,1,0,77.0,31-90 days,4-7 nights,couple
556,Resort Hotel,0,34,2015,July,30,19,2,5,2,0.0,0,BB,IRL,Offline TA/TO,TA/TO,0,0,0,D,D,0,No Deposit,156.0,0.0,0,Transient,116.85,0,0,Check-Out,2015-07-26,7,2015-07-19,7,2.0,0,1,0,58.425,31-90 days,4-7 nights,couple
557,Resort Hotel,0,47,2015,July,30,19,2,4,2,1.0,0,BB,PRT,Online TA,TA/TO,0,0,0,A,A,0,No Deposit,241.0,0.0,0,Transient,129.16,0,1,Check-Out,2015-07-25,7,2015-07-19,6,3.0,1,1,0,43.053333333333335,31-90 days,4-7 nights,family
558,Resort Hotel,1,24,2015,July,30,19,2,4,2,2.0,0,BB,PRT,Online TA,TA/TO,0,0,0,G,G,0,No Deposit,240.0,0.0,0,Transient,214.0,0,0,Canceled,2015-06-29,7,2015-07-19,6,4.0,1,1,0,53.5,8-30 days,4-7 nights,family
559,Resort Hotel,1,104,2015,July,30,19,2,4,2,0.0,0,BB,PRT,Online TA,TA/TO,0,0,0,A,A,0,No Deposit,240.0,0.0,0,Transient,115.0,0,2,Canceled,2015-07-02,7,2015-07-19,6,2.0,0,1,0,57.5,91-180 days,4-7 nights,couple
560,Resort Hotel,0,104,2015,July,30,19,2,5,2,0.0,0,BB,GBR,Offline TA/TO,TA/TO,0,0,0,D,D,0,No Deposit,115.0,0.0,0,Contract,123.0,0,1,Check-Out,2015-07-26,7,2015-07-19,7,2.0,0,1,0,61.5,91-180 days,4-7 nights,couple
561,Resort Hotel,0,32,2015,July,30,19,2,5,2,0.0,0,BB,IRL,Offline TA/TO,TA/TO,0,0,0,D,D,0,No Deposit,156.0,0.0,0,Transient,123.0,0,0,Check-Out,2015-07-26,7,2015-07-19,7,2.0,0,1,0,61.5,31-90 days,4-7 nights,couple
562,Resort Hotel,1,47,2015,July,30,19,3,5,2,2.0,0,BB,PRT,Online TA,TA/TO,0,0,0,G,G,0,No Deposit,240.0,0.0,0,Transient,195.0,0,0,Canceled,2015-07-14,7,2015-07-19,8,4.0,1,1,0,48.75,31-90 days,8-14 nights,family
563,Resort Hotel,0,29,2015,July,30,19,4,6,2,0.0,0,BB,GBR,Offline TA/TO,TA/TO,0,0,0,C,C,0,No Deposit,142.0,0.0,0,Contract,135.2,0,0,Check-Out,2015-07-29,7,2015-07-19,10,2.0,0,1,0,67.6,8-30 days,8-14 nights,couple
564,Resort Hotel,0,30,2015,July,30,19,4,10,2,0.0,0,BB,GBR,Offline TA/TO,TA/TO,0,0,0,D,D,0,No Deposit,243.0,0.0,0,Transient,123.0,0,2,Check-Out,2015-08-02,7,2015-07-19,14,2.0,0,1,0,61.5,8-30 days,8-14 nights,couple
565,Resort Hotel,0,123,2015,July,30,19,2,4,2,0.0,1,BB,ESP,Online TA,TA/TO,0,0,0,E,E,2,No Deposit,240.0,0.0,0,Transient,130.5,0,1,Check-Out,2015-07-25,7,2015-07-19,6,3.0,1,1,0,43.5,91-180 days,4-7 nights,family
566,Resort Hotel,0,14,2015,July,30,20,1,0,1,0.0,0,BB,PRT,Offline TA/TO,TA/TO,0,0,0,A,C,0,No Deposit,104.0,0.0,0,Transient,123.0,0,0,Check-Out,2015-07-21,7,2015-07-20,1,1.0,0,1,0,123.0,8-30 days,0-1 nights,solo
567,Resort Hotel,1,118,2015,July,30,20,1,2,2,2.0,0,BB,PRT,Online TA,TA/TO,0,0,0,G,G,0,No Deposit,240.0,0.0,0,Transient,179.1,0,2,Canceled,2015-05-13,7,2015-07-20,3,4.0,1,1,0,44.775,91-180 days,2-3 nights,family
568,Resort Hotel,0,0,2015,July,30,20,0,0,1,0.0,0,BB,PRT,Offline TA/TO,TA/TO,0,0,0,A,I,0,No Deposit,5.0,0.0,0,Transient,0.0,0,0,Check-Out,2015-07-20,7,2015-07-20,0,1.0,0,1,0,0.0,0-7 days,0-1 nights,solo
569,Resort Hotel,0,0,2015,July,30,20,0,0,2,0.0,0,BB,PRT,Online TA,TA/TO,0,0,0,A,I,0,No Deposit,241.0,0.0,0,Transient,0.0,0,1,Check-Out,2015-07-20,7,2015-07-20,0,2.0,0,1,0,0.0,0-7 days,0-1 nights,couple
570,Resort Hotel,0,79,2015,July,30,20,1,3,2,0.0,1,BB,PRT,Online TA,TA/TO,0,0,0,A,C,0,No Deposit,240.0,0.0,0,Transient,115.0,0,3,Check-Out,2015-07-24,7,2015-07-20,4,3.0,1,1,0,38.333333333333336,31-90 days,4-7 nights,family
571,Resort Hotel,0,63,2015,July,30,20,1,3,2,0.0,0,BB,PRT,Online TA,TA/TO,0,0,0,A,D,0,No Deposit,240.0,0.0,0,Transient,115.0,0,0,Check-Out,2015-07-24,7,2015-07-20,4,2.0,0,1,0,57.5,31-90 days,4-7 nights,couple
572,Resort Hotel,0,68,2015,July,30,20,1,3,2,0.0,0,BB,POL,Online TA,TA/TO,0,0,0,A,C,3,No Deposit,240.0,0.0,0,Transient,103.5,1,2,Check-Out,2015-07-24,7,2015-07-20,4,2.0,0,1,0,51.75,31-90 days,4-7 nights,couple
573,Resort Hotel,0,96,2015,July,30,20,1,3,2,0.0,0,HB,PRT,Direct,Direct,0,0,0,A,A,0,No Deposit,250.0,0.0,0,Transient,157.0,1,0,Check-Out,2015-07-24,7,2015-07-20,4,2.0,0,1,0,78.5,91-180 days,4-7 nights,couple
574,Resort Hotel,1,41,2015,July,30,20,1,3,2,0.0,0,BB,PRT,Online TA,TA/TO,0,0,0,D,D,0,No Deposit,240.0,0.0,0,Transient,135.0,0,1,Canceled,2015-06-15,7,2015-07-20,4,2.0,0,1,0,67.5,31-90 days,4-7 nights,couple
575,Resort Hotel,0,46,2015,July,30,20,1,3,2,0.0,0,BB,NOR,Online TA,TA/TO,0,0,0,E,E,0,No Deposit,241.0,0.0,0,Transient,111.65,0,0,Check-Out,2015-07-24,7,2015-07-20,4,2.0,0,1,0,55.825,31-90 days,4-7 nights,couple
576,Resort Hotel,1,41,2015,July,30,20,1,3,2,0.0,0,BB,PRT,Online TA,TA/TO,0,0,0,D,D,0,No Deposit,240.0,0.0,0,Transient,135.0,0,1,Canceled,2015-06-15,7,2015-07-20,4,2.0,0,1,0,67.5,31-90 days,4-7 nights,couple
577,Resort Hotel,1,60,2015,July,30,20,1,4,2,2.0,0,BB,PRT,Online TA,TA/TO,0,0,0,G,G,0,No Deposit,240.0,0.0,0,Transient,195.0,0,0,Canceled,2015-06-17,7,2015-07-20,5,4.0,1,1,0,48.75,31-90 days,4-7 nights,family
578,Resort Hotel,0,41,2015,July,30,20,1,4,2,0.0,0,BB,ESP,Offline TA/TO,TA/TO,0,0,0,A,A,0,No Deposit,175.0,0.0,0,Transient,104.0,0,0,Check-Out,2015-07-25,7,2015-07-20,5,2.0,0,1,0,52.0,31-90 days,4-7 nights,couple
579,Resort Hotel,1,69,2015,July,30,20,1,4,2,0.0,0,BB,PRT,Online TA,TA/TO,0,0,0,D,D,0,No Deposit,240.0,0.0,0,Transient,135.0,0,0,Canceled,2015-06-08,7,2015-07-20,5,2.0,0,1,0,67.5,31-90 days,4-7 nights,couple
580,Resort Hotel,1,41,2015,July,30,20,1,5,2,2.0,0,BB,PRT,Online TA,TA/TO,0,0,0,G,G,0,No Deposit,240.0,0.0,0,Transient,214.0,0,1,Canceled,2015-06-22,7,2015-07-20,6,4.0,1,1,0,53.5,31-90 days,4-7 nights,family
581,Resort Hotel,0,52,2015,July,30,20,1,5,2,0.0,0,HB,PRT,Direct,Direct,0,0,0,A,D,0,No Deposit,250.0,0.0,0,Transient,133.17,0,0,Check-Out,2015-07-26,7,2015-07-20,6,2.0,0,1,0,66.585,31-90 days,4-7 nights,couple
582,Resort Hotel,1,41,2015,July,30,20,1,5,2,0.0,0,BB,PRT,Online TA,TA/TO,0,0,0,D,D,1,No Deposit,240.0,0.0,0,Transient,141.33,0,1,Canceled,2015-06-22,7,2015-07-20,6,2.0,0,1,0,70.665,31-90 days,4-7 nights,couple
583,Resort Hotel,0,89,2015,July,30,20,2,5,2,0.0,0,BB,GBR,Offline TA/TO,TA/TO,0,0,0,E,E,0,No Deposit,241.0,0.0,0,Transient,121.01,0,1,Check-Out,2015-07-27,7,2015-07-20,7,2.0,0,1,0,60.505,31-90 days,4-7 nights,couple
584,Resort Hotel,1,28,2015,July,30,20,2,5,2,1.0,0,FB,PRT,Direct,Direct,0,0,0,F,F,0,No Deposit,0.0,0.0,0,Transient,240.64,0,0,Canceled,2015-07-20,7,2015-07-20,7,3.0,1,0,0,80.21333333333332,8-30 days,4-7 nights,family
585,Resort Hotel,0,65,2015,July,30,20,2,5,2,2.0,0,BB,GBR,Online TA,TA/TO,0,0,0,C,C,0,No Deposit,105.0,0.0,0,Transient,167.5,0,0,Check-Out,2015-07-27,7,2015-07-20,7,4.0,1,1,0,41.875,31-90 days,4-7 nights,family
586,Resort Hotel,0,82,2015,July,30,20,2,5,2,0.0,1,HB,PRT,Online TA,TA/TO,0,0,0,A,A,0,No Deposit,240.0,0.0,0,Transient,152.43,0,3,Check-Out,2015-07-27,7,2015-07-20,7,3.0,1,1,0,50.81,31-90 days,4-7 nights,family
587,Resort Hotel,0,42,2015,July,30,20,2,5,2,0.0,0,FB,ESP,Offline TA/TO,TA/TO,0,0,0,A,A,0,No Deposit,175.0,0.0,0,Transient,148.34,0,0,Check-Out,2015-07-27,7,2015-07-20,7,2.0,0,1,0,74.17,31-90 days,4-7 nights,couple
588,Resort Hotel,0,62,2015,July,30,20,2,5,2,0.0,0,HB,ESP,Online TA,TA/TO,0,0,0,D,D,1,No Deposit,240.0,0.0,0,Transient,167.0,0,1,Check-Out,2015-07-27,7,2015-07-20,7,2.0,0,1,0,83.5,31-90 days,4-7 nights,couple
589,Resort Hotel,1,86,2015,July,30,20,2,5,2,1.0,0,HB,PRT,Direct,Direct,0,0,0,A,A,1,No Deposit,250.0,0.0,0,Transient,172.93,0,1,Canceled,2015-05-11,7,2015-07-20,7,3.0,1,1,0,57.64333333333334,31-90 days,4-7 nights,family
590,Resort Hotel,1,118,2015,July,30,20,2,5,2,0.0,0,BB,PRT,Online TA,TA/TO,0,0,0,G,G,0,No Deposit,240.0,0.0,0,Transient,179.1,0,1,Canceled,2015-04-23,7,2015-07-20,7,2.0,0,1,0,89.55,91-180 days,4-7 nights,couple
591,Resort Hotel,0,28,2015,July,30,20,2,5,2,1.0,0,FB,PRT,Offline TA/TO,TA/TO,0,0,0,F,F,0,No Deposit,15.0,0.0,0,Transient,192.5,0,1,Check-Out,2015-07-27,7,2015-07-20,7,3.0,1,1,0,64.16666666666667,8-30 days,4-7 nights,family
592,Resort Hotel,1,52,2015,July,30,20,3,6,2,0.0,0,HB,PRT,Offline TA/TO,TA/TO,0,0,0,A,A,0,No Deposit,142.0,0.0,0,Transient,92.0,0,0,Canceled,2015-06-02,7,2015-07-20,9,2.0,0,1,0,46.0,31-90 days,8-14 nights,couple
593,Resort Hotel,1,49,2015,July,30,20,3,6,2,0.0,0,FB,PRT,Offline TA/TO,TA/TO,0,0,0,D,D,0,No Deposit,15.0,0.0,0,Transient,111.2,0,0,Canceled,2015-06-01,7,2015-07-20,9,2.0,0,1,0,55.6,31-90 days,8-14 nights,couple
594,Resort Hotel,0,39,2015,July,30,20,3,7,2,1.0,0,HB,PRT,Offline TA/TO,TA/TO,0,0,0,D,D,1,No Deposit,142.0,0.0,0,Transient,141.6,0,1,Check-Out,2015-07-30,7,2015-07-20,10,3.0,1,1,0,47.199999999999996,31-90 days,8-14 nights,family
595,Resort Hotel,0,39,2015,July,30,20,3,7,2,0.0,0,HB,PRT,Offline TA/TO,TA/TO,0,0,0,D,D,0,No Deposit,142.0,0.0,0,Transient,141.6,0,1,Check-Out,2015-07-30,7,2015-07-20,10,2.0,0,1,0,70.8,31-90 days,8-14 nights,couple
596,Resort Hotel,0,39,2015,July,30,20,3,7,2,0.0,0,HB,PRT,Offline TA/TO,TA/TO,0,0,0,D,D,0,No Deposit,142.0,0.0,0,Transient,141.6,0,1,Check-Out,2015-07-30,7,2015-07-20,10,2.0,0,1,0,70.8,31-90 days,8-14 nights,couple
597,Resort Hotel,1,7,2015,July,30,20,3,8,2,0.0,0,HB,PRT,Offline TA/TO,TA/TO,0,0,0,A,A,0,No Deposit,196.0,0.0,0,Transient,200.0,0,0,Canceled,2015-07-14,7,2015-07-20,11,2.0,0,1,0,100.0,0-7 days,8-14 nights,couple
598,Resort Hotel,1,7,2015,July,30,20,3,8,2,0.0,0,HB,PRT,Offline TA/TO,TA/TO,0,0,0,A,A,0,No Deposit,196.0,0.0,0,Transient,200.0,0,0,Canceled,2015-07-14,7,2015-07-20,11,2.0,0,1,0,100.0,0-7 days,8-14 nights,couple
599,Resort Hotel,1,42,2015,July,30,21,0,2,2,0.0,0,BB,PRT,Online TA,TA/TO,0,0,0,E,E,0,No Deposit,240.0,0.0,0,Transient,157.0,0,0,Canceled,2015-07-08,7,2015-07-21,2,2.0,0,1,0,78.5,31-90 days,2-3 nights,couple
600,Resort Hotel,0,5,2015,July,30,21,0,2,1,0.0,0,BB,PRT,Corporate,Corporate,0,0,0,A,F,0,No Deposit,0.0,154.0,0,Transient,99.5,0,0,Check-Out,2015-07-23,7,2015-07-21,2,1.0,0,0,1,99.5,0-7 days,2-3 nights,solo
601,Resort Hotel,1,81,2015,July,30,21,0,3,2,0.0,0,BB,PRT,Online TA,TA/TO,0,0,0,A,A,0,No Deposit,240.0,0.0,0,Transient,115.0,0,2,Canceled,2015-06-01,7,2015-07-21,3,2.0,0,1,0,57.5,31-90 days,2-3 nights,couple
602,Resort Hotel,1,63,2015,July,30,21,0,4,2,2.0,0,BB,PRT,Online TA,TA/TO,0,0,0,G,G,0,No Deposit,240.0,0.0,0,Transient,195.0,0,0,Canceled,2015-06-19,7,2015-07-21,4,4.0,1,1,0,48.75,31-90 days,4-7 nights,family
603,Resort Hotel,0,61,2015,July,30,21,0,4,2,0.0,0,BB,PRT,Online TA,TA/TO,0,0,0,A,D,0,No Deposit,240.0,0.0,0,Transient,103.5,0,0,Check-Out,2015-07-25,7,2015-07-21,4,2.0,0,1,0,51.75,31-90 days,4-7 nights,couple
604,Resort Hotel,0,8,2015,July,30,21,0,5,3,0.0,0,BB,PRT,Direct,Direct,0,0,0,G,G,1,No Deposit,250.0,0.0,0,Transient,207.0,1,0,Check-Out,2015-07-26,7,2015-07-21,5,3.0,0,1,0,69.0,8-30 days,4-7 nights,group
605,Resort Hotel,0,89,2015,July,30,21,1,5,3,0.0,0,BB,PRT,Direct,Direct,0,0,0,A,D,0,No Deposit,250.0,0.0,0,Transient,163.33,1,1,Check-Out,2015-07-27,7,2015-07-21,6,3.0,0,1,0,54.443333333333335,31-90 days,4-7 nights,group
606,Resort Hotel,0,57,2015,July,30,21,2,5,2,0.0,0,HB,IRL,Online TA,TA/TO,0,0,0,E,E,0,No Deposit,240.0,0.0,0,Transient,151.86,0,0,Check-Out,2015-07-28,7,2015-07-21,7,2.0,0,1,0,75.93,31-90 days,4-7 nights,couple
607,Resort Hotel,0,102,2015,July,30,21,2,5,3,0.0,0,BB,CHE,Offline TA/TO,TA/TO,0,0,0,A,D,0,No Deposit,6.0,0.0,0,Transient,95.57,0,1,Check-Out,2015-07-28,7,2015-07-21,7,3.0,0,1,0,31.856666666666666,91-180 days,4-7 nights,group
608,Resort Hotel,0,108,2015,July,30,21,2,6,2,0.0,0,BB,PRT,Online TA,TA/TO,0,0,0,A,A,0,No Deposit,240.0,0.0,0,Transient,112.05,0,1,Check-Out,2015-07-29,7,2015-07-21,8,2.0,0,1,0,56.025,91-180 days,8-14 nights,couple
609,Resort Hotel,0,28,2015,July,30,21,2,7,2,1.0,0,BB,IRL,Direct,Direct,0,0,0,E,E,0,No Deposit,250.0,0.0,0,Transient,160.0,0,1,Check-Out,2015-07-30,7,2015-07-21,9,3.0,1,1,0,53.333333333333336,8-30 days,8-14 nights,family
610,Resort Hotel,0,29,2015,July,30,21,2,8,2,0.0,0,BB,GBR,Online TA,TA/TO,0,0,0,A,A,0,No Deposit,241.0,0.0,0,Transient,103.18,0,1,Check-Out,2015-07-31,7,2015-07-21,10,2.0,0,1,0,51.59,8-30 days,8-14 nights,couple
611,Resort Hotel,0,0,2015,July,30,22,0,1,2,0.0,0,BB,ESP,Direct,Direct,0,0,0,E,E,0,No Deposit,0.0,0.0,0,Transient,153.0,1,0,Check-Out,2015-07-23,7,2015-07-22,1,2.0,0,0,0,76.5,0-7 days,0-1 nights,couple
612,Resort Hotel,1,96,2015,July,30,22,0,4,2,0.0,0,BB,PRT,Online TA,TA/TO,0,0,0,A,A,0,No Deposit,240.0,0.0,0,Transient,119.75,0,1,Canceled,2015-04-22,7,2015-07-22,4,2.0,0,1,0,59.875,91-180 days,4-7 nights,couple
613,Resort Hotel,1,44,2015,July,30,22,0,4,2,0.0,0,BB,PRT,Online TA,TA/TO,0,0,0,D,D,0,No Deposit,240.0,0.0,0,Transient,135.0,0,1,Canceled,2015-06-09,7,2015-07-22,4,2.0,0,1,0,67.5,31-90 days,4-7 nights,couple
614,Resort Hotel,0,44,2015,July,30,22,0,4,2,1.0,0,HB,FRA,Online TA,TA/TO,0,0,0,D,D,1,No Deposit,242.0,0.0,0,Transient,167.69,0,1,Check-Out,2015-07-26,7,2015-07-22,4,3.0,1,1,0,55.89666666666667,31-90 days,4-7 nights,family
615,Resort Hotel,1,44,2015,July,30,22,0,4,2,2.0,0,BB,PRT,Online TA,TA/TO,0,0,0,G,G,0,No Deposit,240.0,0.0,0,Transient,195.0,0,1,Canceled,2015-06-09,7,2015-07-22,4,4.0,1,1,0,48.75,31-90 days,4-7 nights,family
616,Resort Hotel,1,44,2015,July,30,22,0,4,2,0.0,0,BB,PRT,Online TA,TA/TO,0,0,0,D,D,0,No Deposit,240.0,0.0,0,Transient,135.0,0,1,Canceled,2015-06-09,7,2015-07-22,4,2.0,0,1,0,67.5,31-90 days,4-7 nights,couple
617,Resort Hotel,1,41,2015,July,30,22,1,4,2,0.0,0,BB,PRT,Online TA,TA/TO,0,0,0,D,D,0,No Deposit,240.0,0.0,0,Transient,178.4,0,0,Canceled,2015-06-29,7,2015-07-22,5,2.0,0,1,0,89.2,31-90 days,4-7 nights,couple
618,Resort Hotel,0,16,2015,July,30,23,0,0,2,2.0,0,BB,PRT,Online TA,TA/TO,0,0,0,C,I,0,No Deposit,242.0,0.0,0,Transient,0.0,0,0,Check-Out,2015-07-23,7,2015-07-23,0,4.0,1,1,0,0.0,8-30 days,0-1 nights,family
619,Resort Hotel,0,73,2015,July,30,23,0,0,2,0.0,0,BB,PRT,Online TA,TA/TO,0,0,0,D,I,1,No Deposit,240.0,0.0,0,Transient,0.0,0,1,Check-Out,2015-07-23,7,2015-07-23,0,2.0,0,1,0,0.0,31-90 days,0-1 nights,couple
620,Resort Hotel,0,3,2015,July,30,23,0,1,2,0.0,0,BB,PRT,Online TA,TA/TO,0,0,0,D,E,0,No Deposit,240.0,0.0,0,Transient,154.0,1,1,Check-Out,2015-07-24,7,2015-07-23,1,2.0,0,1,0,77.0,0-7 days,0-1 nights,couple
621,Resort Hotel,0,0,2015,July,30,23,0,1,2,0.0,0,BB,PRT,Direct,Direct,0,0,0,C,C,0,No Deposit,250.0,0.0,0,Transient,134.0,0,0,Check-Out,2015-07-24,7,2015-07-23,1,2.0,0,1,0,67.0,0-7 days,0-1 nights,couple
622,Resort Hotel,1,55,2015,July,30,23,0,1,1,0.0,0,BB,PRT,Direct,Direct,0,0,0,A,A,0,No Deposit,146.0,0.0,0,Transient,112.0,0,0,Canceled,2015-06-05,7,2015-07-23,1,1.0,0,1,0,112.0,31-90 days,0-1 nights,solo
623,Resort Hotel,0,33,2015,July,30,23,0,3,2,0.0,0,HB,ESP,Online TA,TA/TO,0,0,0,E,E,1,No Deposit,240.0,0.0,0,Transient-Party,194.0,1,1,Check-Out,2015-07-26,7,2015-07-23,3,2.0,0,1,0,97.0,31-90 days,2-3 nights,couple
624,Resort Hotel,1,19,2015,July,30,23,0,3,2,0.0,0,BB,PRT,Online TA,TA/TO,0,0,0,A,A,0,No Deposit,240.0,0.0,0,Transient,153.0,0,0,Canceled,2015-07-07,7,2015-07-23,3,2.0,0,1,0,76.5,8-30 days,2-3 nights,couple
625,Resort Hotel,1,55,2015,July,30,23,0,3,2,0.0,0,BB,PRT,Online TA,TA/TO,0,0,0,D,D,0,No Deposit,240.0,0.0,0,Transient,135.0,0,0,Canceled,2015-06-19,7,2015-07-23,3,2.0,0,1,0,67.5,31-90 days,2-3 nights,couple
626,Resort Hotel,0,33,2015,July,30,23,0,3,2,0.0,0,HB,ESP,Online TA,TA/TO,0,0,0,D,E,0,No Deposit,240.0,0.0,0,Transient,184.0,0,1,Check-Out,2015-07-26,7,2015-07-23,3,2.0,0,1,0,92.0,31-90 days,2-3 nights,couple
627,Resort Hotel,1,19,2015,July,30,23,1,3,2,2.0,0,BB,PRT,Online TA,TA/TO,0,0,0,H,H,0,No Deposit,240.0,0.0,0,Transient,210.0,0,0,Canceled,2015-07-06,7,2015-07-23,4,4.0,1,1,0,52.5,8-30 days,4-7 nights,family
628,Resort Hotel,1,19,2015,July,30,23,1,3,2,0.0,0,BB,PRT,Direct,Direct,0,0,0,E,E,0,No Deposit,0.0,178.0,0,Transient,139.0,0,0,Canceled,2015-07-07,7,2015-07-23,4,2.0,0,0,1,69.5,8-30 days,4-7 nights,couple
629,Resort Hotel,0,117,2015,July,30,23,2,3,2,0.0,0,BB,CN,Offline TA/TO,TA/TO,0,0,0,D,F,0,No Deposit,241.0,0.0,0,Transient,101.46,1,0,Check-Out,2015-07-28,7,2015-07-23,5,2.0,0,1,0,50.73,91-180 days,4-7 nights,couple
630,Resort Hotel,1,72,2015,July,30,23,2,4,2,0.0,0,BB,PRT,Online TA,TA/TO,0,0,0,E,E,0,No Deposit,240.0,0.0,0,Transient,145.0,0,0,Canceled,2015-07-04,7,2015-07-23,6,2.0,0,1,0,72.5,31-90 days,4-7 nights,couple
631,Resort Hotel,1,19,2015,July,30,23,1,3,2,0.0,0,BB,PRT,Online TA,TA/TO,0,0,0,D,D,0,No Deposit,240.0,0.0,0,Transient,173.0,0,0,Canceled,2015-07-06,7,2015-07-23,4,2.0,0,1,0,86.5,8-30 days,4-7 nights,couple
632,Resort Hotel,0,34,2015,July,30,23,2,6,3,0.0,0,HB,ROU,Offline TA/TO,TA/TO,0,0,0,D,D,1,No Deposit,171.0,0.0,0,Transient,217.05,1,1,Check-Out,2015-07-31,7,2015-07-23,8,3.0,0,1,0,72.35000000000001,31-90 days,8-14 nights,group
633,Resort Hotel,0,9,2015,July,30,24,0,2,2,0.0,0,BB,ESP,Online TA,TA/TO,0,0,0,E,E,0,No Deposit,240.0,0.0,0,Transient-Party,164.0,0,2,Check-Out,2015-07-26,7,2015-07-24,2,2.0,0,1,0,82.0,8-30 days,2-3 nights,couple
634,Resort Hotel,0,8,2015,July,30,24,0,2,2,0.0,0,BB,BRA,Online TA,TA/TO,0,0,0,D,F,0,No Deposit,240.0,0.0,0,Transient-Party,173.0,0,2,Check-Out,2015-07-26,7,2015-07-24,2,2.0,0,1,0,86.5,8-30 days,2-3 nights,couple
635,Resort Hotel,1,36,2015,July,30,24,0,1,2,0.0,0,BB,PRT,Direct,Direct,0,0,0,A,A,0,No Deposit,0.0,0.0,0,Transient,112.5,0,0,Canceled,2015-07-22,7,2015-07-24,1,2.0,0,0,0,56.25,31-90 days,0-1 nights,couple
636,Resort Hotel,0,22,2015,July,30,24,0,2,2,0.0,0,BB,ESP,Online TA,TA/TO,0,0,0,A,A,0,No Deposit,240.0,0.0,0,Transient-Party,153.0,0,2,Check-Out,2015-07-26,7,2015-07-24,2,2.0,0,1,0,76.5,8-30 days,2-3 nights,couple
637,Resort Hotel,0,22,2015,July,30,24,0,2,2,0.0,0,BB,ESP,Online TA,TA/TO,0,0,0,D,D,0,No Deposit,240.0,0.0,0,Transient-Party,173.0,0,2,Check-Out,2015-07-26,7,2015-07-24,2,2.0,0,1,0,86.5,8-30 days,2-3 nights,couple
638,Resort Hotel,0,22,2015,July,30,24,0,2,2,0.0,0,BB,ESP,Online TA,TA/TO,0,0,0,A,A,0,No Deposit,240.0,0.0,0,Transient-Party,153.0,0,2,Check-Out,2015-07-26,7,2015-07-24,2,2.0,0,1,0,76.5,8-30 days,2-3 nights,couple
639,Resort Hotel,0,36,2015,July,30,24,0,2,2,0.0,0,BB,PRT,Online TA,TA/TO,0,0,0,A,D,0,No Deposit,240.0,0.0,0,Transient,134.0,0,0,Check-Out,2015-07-26,7,2015-07-24,2,2.0,0,1,0,67.0,31-90 days,2-3 nights,couple
640,Resort Hotel,0,22,2015,July,30,24,0,2,2,0.0,0,BB,ESP,Online TA,TA/TO,0,0,0,A,A,0,No Deposit,240.0,0.0,0,Transient-Party,153.0,0,2,Check-Out,2015-07-26,7,2015-07-24,2,2.0,0,1,0,76.5,8-30 days,2-3 nights,couple
641,Resort Hotel,1,22,2015,July,30,24,0,2,2,2.0,0,BB,PRT,Online TA,TA/TO,0,0,0,G,G,0,No Deposit,240.0,0.0,0,Transient,233.0,0,2,Canceled,2015-07-14,7,2015-07-24,2,4.0,1,1,0,58.25,8-30 days,2-3 nights,family
642,Resort Hotel,0,18,2015,July,30,24,0,2,2,0.0,0,BB,ESP,Direct,Direct,0,0,0,D,G,0,No Deposit,250.0,0.0,0,Transient,154.0,0,0,Check-Out,2015-07-26,7,2015-07-24,2,2.0,0,1,0,77.0,8-30 days,2-3 nights,couple
643,Resort Hotel,0,8,2015,July,30,24,0,2,2,0.0,0,BB,BRA,Online TA,TA/TO,0,0,0,D,F,0,No Deposit,240.0,0.0,0,Transient-Party,173.0,0,2,Check-Out,2015-07-26,7,2015-07-24,2,2.0,0,1,0,86.5,8-30 days,2-3 nights,couple
644,Resort Hotel,1,67,2015,July,30,24,0,2,2,0.0,0,BB,PRT,Online TA,TA/TO,0,0,0,D,D,0,No Deposit,240.0,0.0,0,Transient,135.0,0,1,Canceled,2015-07-06,7,2015-07-24,2,2.0,0,1,0,67.5,31-90 days,2-3 nights,couple
645,Resort Hotel,1,105,2015,July,30,24,0,2,2,0.0,0,BB,PRT,Offline TA/TO,TA/TO,0,0,0,E,E,0,No Deposit,6.0,0.0,0,Transient,132.5,0,0,Canceled,2015-07-01,7,2015-07-24,2,2.0,0,1,0,66.25,91-180 days,2-3 nights,couple
646,Resort Hotel,0,1,2015,July,30,24,1,2,3,0.0,0,BB,RUS,Online TA,TA/TO,0,0,0,H,H,2,No Deposit,240.0,0.0,0,Transient,222.67,0,0,Check-Out,2015-07-27,7,2015-07-24,3,3.0,0,1,0,74.22333333333333,0-7 days,2-3 nights,group
647,Resort Hotel,1,67,2015,July,30,24,0,2,2,0.0,0,BB,PRT,Online TA,TA/TO,0,0,0,D,D,0,No Deposit,240.0,0.0,0,Transient,135.0,0,1,Canceled,2015-07-06,7,2015-07-24,2,2.0,0,1,0,67.5,31-90 days,2-3 nights,couple
648,Resort Hotel,0,39,2015,July,30,24,0,2,2,0.0,0,BB,ESP,Offline TA/TO,TA/TO,0,0,0,A,A,0,No Deposit,134.0,0.0,0,Transient,107.0,0,0,Check-Out,2015-07-26,7,2015-07-24,2,2.0,0,1,0,53.5,31-90 days,2-3 nights,couple
649,Resort Hotel,1,45,2015,July,30,24,1,2,2,0.0,0,BB,PRT,Online TA,TA/TO,0,0,0,A,A,0,No Deposit,240.0,0.0,0,Transient,127.0,0,0,Canceled,2015-06-17,7,2015-07-24,3,2.0,0,1,0,63.5,31-90 days,2-3 nights,couple
650,Resort Hotel,1,45,2015,July,30,24,2,2,2,0.0,0,BB,PRT,Online TA,TA/TO,0,0,0,D,D,0,No Deposit,240.0,0.0,0,Transient,135.0,0,0,Canceled,2015-06-18,7,2015-07-24,4,2.0,0,1,0,67.5,31-90 days,4-7 nights,couple
651,Resort Hotel,0,14,2015,July,30,24,2,2,2,0.0,0,BB,SVN,Online TA,TA/TO,0,0,0,A,D,0,No Deposit,240.0,0.0,0,Transient,149.7,1,1,Check-Out,2015-07-28,7,2015-07-24,4,2.0,0,1,0,74.85,8-30 days,4-7 nights,couple
652,Resort Hotel,1,53,2015,July,30,24,2,2,2,0.0,0,BB,PRT,Online TA,TA/TO,0,0,0,A,A,0,No Deposit,240.0,0.0,0,Transient,161.25,0,0,Canceled,2015-06-08,7,2015-07-24,4,2.0,0,1,0,80.625,31-90 days,4-7 nights,couple
653,Resort Hotel,0,28,2015,July,30,24,2,2,2,0.0,0,BB,ALB,Offline TA/TO,TA/TO,0,0,0,A,A,0,No Deposit,177.0,0.0,0,Transient,107.0,0,0,Check-Out,2015-07-28,7,2015-07-24,4,2.0,0,1,0,53.5,8-30 days,4-7 nights,couple
654,Resort Hotel,0,55,2015,July,30,24,2,3,2,0.0,0,BB,GBR,Online TA,TA/TO,0,0,0,A,A,0,No Deposit,147.0,0.0,0,Transient-Party,75.44,0,1,Check-Out,2015-07-29,7,2015-07-24,5,2.0,0,1,0,37.72,31-90 days,4-7 nights,couple
655,Resort Hotel,0,55,2015,July,30,24,2,3,2,0.0,0,BB,GBR,Online TA,TA/TO,0,0,0,A,A,0,No Deposit,147.0,0.0,0,Transient-Party,75.44,0,1,Check-Out,2015-07-29,7,2015-07-24,5,2.0,0,1,0,37.72,31-90 days,4-7 nights,couple
656,Resort Hotel,0,25,2015,July,30,24,2,5,2,0.0,0,BB,PRT,Direct,Direct,0,0,0,A,A,1,No Deposit,250.0,0.0,0,Transient,115.0,0,0,Check-Out,2015-07-31,7,2015-07-24,7,2.0,0,1,0,57.5,8-30 days,4-7 nights,couple
657,Resort Hotel,1,43,2015,July,30,24,2,5,2,0.0,0,FB,PRT,Offline TA/TO,TA/TO,0,0,0,A,A,0,No Deposit,175.0,0.0,0,Transient,159.2,0,1,Canceled,2015-07-14,7,2015-07-24,7,2.0,0,1,0,79.6,31-90 days,4-7 nights,couple
658,Resort Hotel,1,109,2015,July,30,24,2,5,2,0.0,0,HB,PRT,Online TA,TA/TO,0,0,0,A,A,0,No Deposit,240.0,0.0,0,Transient,163.29,0,2,Canceled,2015-04-22,7,2015-07-24,7,2.0,0,1,0,81.645,91-180 days,4-7 nights,couple
659,Resort Hotel,1,62,2015,July,30,24,2,6,2,2.0,0,BB,PRT,Online TA,TA/TO,0,0,0,H,H,0,No Deposit,240.0,0.0,0,Transient,210.0,0,0,Canceled,2015-05-25,7,2015-07-24,8,4.0,1,1,0,52.5,31-90 days,8-14 nights,family
660,Resort Hotel,0,25,2015,July,30,24,2,6,2,0.0,0,BB,PRT,Direct,TA/TO,0,0,0,D,D,0,No Deposit,240.0,0.0,0,Transient,154.0,0,2,Check-Out,2015-08-01,7,2015-07-24,8,2.0,0,1,0,77.0,8-30 days,8-14 nights,couple
661,Resort Hotel,0,43,2015,July,30,24,2,7,2,0.0,0,HB,ESP,Online TA,TA/TO,0,0,0,A,A,0,No Deposit,240.0,0.0,0,Transient,166.0,0,0,Check-Out,2015-08-02,7,2015-07-24,9,2.0,0,1,0,83.0,31-90 days,8-14 nights,couple
662,Resort Hotel,0,35,2015,July,30,24,3,7,2,0.0,0,BB,GBR,Offline TA/TO,TA/TO,0,0,0,E,E,0,No Deposit,95.0,0.0,0,Transient,132.5,0,0,Check-Out,2015-08-03,7,2015-07-24,10,2.0,0,1,0,66.25,31-90 days,8-14 nights,couple
663,Resort Hotel,1,42,2015,July,30,24,3,7,2,0.0,0,BB,PRT,Offline TA/TO,TA/TO,0,0,0,A,A,0,No Deposit,95.0,0.0,0,Transient,107.0,0,0,Canceled,2015-06-26,7,2015-07-24,10,2.0,0,1,0,53.5,31-90 days,8-14 nights,couple
664,Resort Hotel,1,312,2015,July,30,24,4,10,3,0.0,0,BB,PRT,Offline TA/TO,TA/TO,0,0,0,A,A,0,No Deposit,40.0,0.0,0,Contract,121.98,0,1,Canceled,2015-07-21,7,2015-07-24,14,3.0,0,1,0,40.660000000000004,181+ days,8-14 nights,group
665,Resort Hotel,0,30,2015,July,30,25,0,0,2,1.0,0,HB,PRT,Online TA,TA/TO,0,0,0,D,D,0,No Deposit,241.0,0.0,0,Transient,0.0,0,0,Check-Out,2015-07-25,7,2015-07-25,0,3.0,1,1,0,0.0,8-30 days,0-1 nights,family
666,Resort Hotel,0,47,2015,July,30,25,2,1,2,0.0,0,HB,PRT,Offline TA/TO,TA/TO,0,0,0,A,E,0,No Deposit,261.0,0.0,0,Transient,133.0,0,0,Check-Out,2015-07-28,7,2015-07-25,3,2.0,0,1,0,66.5,31-90 days,2-3 nights,couple
667,Resort Hotel,0,40,2015,July,30,25,0,1,2,0.0,0,BB,ESP,Offline TA/TO,TA/TO,0,0,0,A,F,0,No Deposit,134.0,0.0,0,Transient,107.0,0,0,Check-Out,2015-07-26,7,2015-07-25,1,2.0,0,1,0,53.5,31-90 days,0-1 nights,couple
668,Resort Hotel,0,11,2015,July,30,25,0,1,2,0.0,0,BB,ESP,Online TA,TA/TO,0,0,0,A,F,0,No Deposit,241.0,0.0,0,Transient,117.81,0,0,Check-Out,2015-07-26,7,2015-07-25,1,2.0,0,1,0,58.905,8-30 days,0-1 nights,couple
669,Resort Hotel,0,39,2015,July,30,25,0,1,2,0.0,0,BB,ESP,Offline TA/TO,TA/TO,0,0,0,A,F,0,No Deposit,134.0,0.0,0,Transient,107.0,0,0,Check-Out,2015-07-26,7,2015-07-25,1,2.0,0,1,0,53.5,31-90 days,0-1 nights,couple
670,Resort Hotel,1,39,2015,July,30,25,0,1,2,0.0,0,BB,PRT,Online TA,TA/TO,0,0,0,A,A,0,No Deposit,240.0,0.0,0,Transient,120.6,0,0,Canceled,2015-07-11,7,2015-07-25,1,2.0,0,1,0,60.3,31-90 days,0-1 nights,couple
671,Resort Hotel,0,1,2015,July,30,25,1,1,2,0.0,0,BB,PRT,Direct,Direct,0,0,0,D,E,0,No Deposit,0.0,0.0,0,Transient,147.0,0,0,Check-Out,2015-07-27,7,2015-07-25,2,2.0,0,0,0,73.5,0-7 days,2-3 nights,couple
672,Resort Hotel,1,12,2015,July,30,25,1,1,2,0.0,0,BB,PRT,Online TA,TA/TO,0,0,0,A,A,0,No Deposit,240.0,0.0,0,Transient,153.0,0,2,Canceled,2015-07-14,7,2015-07-25,2,2.0,0,1,0,76.5,8-30 days,2-3 nights,couple
673,Resort Hotel,1,16,2015,July,30,25,1,1,2,0.0,0,BB,PRT,Online TA,TA/TO,0,0,0,A,A,0,No Deposit,242.0,0.0,0,Transient,153.0,0,1,Canceled,2015-07-10,7,2015-07-25,2,2.0,0,1,0,76.5,8-30 days,2-3 nights,couple
674,Resort Hotel,1,16,2015,July,30,25,1,1,2,0.0,0,BB,PRT,Direct,Direct,0,0,0,A,A,0,No Deposit,0.0,0.0,0,Transient,134.0,0,0,Canceled,2015-07-23,7,2015-07-25,2,2.0,0,0,0,67.0,8-30 days,2-3 nights,couple
675,Resort Hotel,0,12,2015,July,30,25,1,1,2,0.0,0,BB,ESP,Online TA,TA/TO,0,0,0,A,E,0,No Deposit,240.0,0.0,0,Transient,153.0,0,1,Check-Out,2015-07-27,7,2015-07-25,2,2.0,0,1,0,76.5,8-30 days,2-3 nights,couple
676,Resort Hotel,0,51,2015,July,30,25,2,1,2,0.0,0,HB,PRT,Offline TA/TO,TA/TO,0,0,0,A,A,0,No Deposit,142.0,0.0,0,Transient,118.0,0,0,Check-Out,2015-07-28,7,2015-07-25,3,2.0,0,1,0,59.0,31-90 days,2-3 nights,couple
677,Resort Hotel,0,67,2015,July,30,25,2,2,2,0.0,0,BB,GBR,Online TA,TA/TO,0,0,0,A,D,1,No Deposit,240.0,0.0,0,Transient,134.0,0,1,Check-Out,2015-07-29,7,2015-07-25,4,2.0,0,1,0,67.0,31-90 days,4-7 nights,couple
678,Resort Hotel,0,52,2015,July,30,25,2,3,2,0.0,0,HB,PRT,Offline TA/TO,TA/TO,0,0,0,A,A,0,No Deposit,196.0,0.0,0,Transient,135.0,0,2,Check-Out,2015-07-30,7,2015-07-25,5,2.0,0,1,0,67.5,31-90 days,4-7 nights,couple
679,Resort Hotel,0,25,2015,July,30,25,2,3,2,1.0,0,HB,ESP,Online TA,TA/TO,0,0,0,D,D,0,No Deposit,241.0,0.0,0,Transient,158.77,0,2,Check-Out,2015-07-30,7,2015-07-25,5,3.0,1,1,0,52.92333333333334,8-30 days,4-7 nights,family
680,Resort Hotel,0,94,2015,July,30,25,2,3,2,0.0,0,BB,ESP,Online TA,TA/TO,0,0,0,A,A,0,No Deposit,240.0,0.0,0,Transient,134.0,1,1,Check-Out,2015-07-30,7,2015-07-25,5,2.0,0,1,0,67.0,91-180 days,4-7 nights,couple
681,Resort Hotel,1,54,2015,July,30,25,2,3,2,0.0,0,BB,PRT,Online TA,TA/TO,0,0,0,A,A,0,No Deposit,240.0,0.0,0,Transient,134.0,0,0,Canceled,2015-06-26,7,2015-07-25,5,2.0,0,1,0,67.0,31-90 days,4-7 nights,couple
682,Resort Hotel,0,33,2015,July,30,25,2,3,2,2.0,0,HB,PRT,Online TA,TA/TO,0,0,0,C,C,0,No Deposit,241.0,0.0,0,Transient,142.03,0,1,Check-Out,2015-07-30,7,2015-07-25,5,4.0,1,1,0,35.5075,31-90 days,4-7 nights,family
683,Resort Hotel,0,47,2015,July,30,25,2,3,2,2.0,0,HB,PRT,Direct,Direct,0,0,0,G,G,1,No Deposit,0.0,0.0,0,Transient,240.0,0,0,Check-Out,2015-07-30,7,2015-07-25,5,4.0,1,0,0,60.0,31-90 days,4-7 nights,family
684,Resort Hotel,0,43,2015,July,30,25,2,4,2,0.0,0,BB,IRL,Direct,Direct,0,0,0,A,A,0,No Deposit,250.0,0.0,0,Transient,134.0,0,0,Check-Out,2015-07-31,7,2015-07-25,6,2.0,0,1,0,67.0,31-90 days,4-7 nights,couple
685,Resort Hotel,1,87,2015,July,30,25,2,4,2,0.0,0,BB,PRT,Online TA,TA/TO,0,0,0,A,A,0,No Deposit,240.0,0.0,0,Transient,134.0,0,3,Canceled,2015-06-02,7,2015-07-25,6,2.0,0,1,0,67.0,31-90 days,4-7 nights,couple
686,Resort Hotel,0,54,2015,July,30,25,2,5,2,0.0,0,HB,PRT,Online TA,TA/TO,0,0,0,A,A,0,No Deposit,242.0,0.0,0,Transient,147.0,0,0,Check-Out,2015-08-01,7,2015-07-25,7,2.0,0,1,0,73.5,31-90 days,4-7 nights,couple
687,Resort Hotel,0,32,2015,July,30,25,2,5,2,0.0,0,BB,PRT,Online TA,TA/TO,0,0,0,E,E,0,No Deposit,240.0,0.0,0,Transient,176.0,1,0,Check-Out,2015-08-01,7,2015-07-25,7,2.0,0,1,0,88.0,31-90 days,4-7 nights,couple
688,Resort Hotel,1,29,2015,July,30,25,2,5,2,0.0,0,BB,PRT,Online TA,TA/TO,0,0,0,A,A,1,No Deposit,240.0,0.0,0,Transient,120.6,0,1,Canceled,2015-06-27,7,2015-07-25,7,2.0,0,1,0,60.3,8-30 days,4-7 nights,couple
689,Resort Hotel,1,96,2015,July,30,25,2,5,2,0.0,0,HB,PRT,Online TA,TA/TO,0,0,0,A,A,0,No Deposit,240.0,0.0,0,Transient,166.0,0,1,Canceled,2015-05-12,7,2015-07-25,7,2.0,0,1,0,83.0,91-180 days,4-7 nights,couple
690,Resort Hotel,1,100,2015,July,30,25,2,5,2,0.0,0,BB,PRT,Online TA,TA/TO,0,0,0,A,A,0,No Deposit,240.0,0.0,0,Transient,134.0,0,0,Canceled,2015-04-17,7,2015-07-25,7,2.0,0,1,0,67.0,91-180 days,4-7 nights,couple
691,Resort Hotel,0,54,2015,July,30,25,2,5,2,0.0,0,HB,PRT,Online TA,TA/TO,0,0,0,A,A,0,No Deposit,242.0,0.0,0,Transient,147.0,0,0,Check-Out,2015-08-01,7,2015-07-25,7,2.0,0,1,0,73.5,31-90 days,4-7 nights,couple
692,Resort Hotel,0,75,2015,July,30,25,2,5,2,0.0,0,HB,PRT,Online TA,TA/TO,0,0,0,D,D,1,No Deposit,240.0,0.0,0,Transient,167.0,0,1,Check-Out,2015-08-01,7,2015-07-25,7,2.0,0,1,0,83.5,31-90 days,4-7 nights,couple
693,Resort Hotel,0,31,2015,July,30,25,2,5,2,0.0,0,BB,PRT,Offline TA/TO,TA/TO,0,0,0,A,A,0,No Deposit,142.0,0.0,0,Transient,107.2,1,0,Check-Out,2015-08-01,7,2015-07-25,7,2.0,0,1,0,53.6,31-90 days,4-7 nights,couple
694,Resort Hotel,1,25,2015,July,30,25,2,6,1,0.0,0,BB,PRT,Direct,Direct,0,0,0,A,A,0,No Deposit,250.0,0.0,0,Transient,131.63,0,0,Canceled,2015-07-03,7,2015-07-25,8,1.0,0,1,0,131.63,8-30 days,8-14 nights,solo
695,Resort Hotel,0,61,2015,July,30,25,2,6,3,0.0,0,HB,GBR,Online TA,TA/TO,0,0,0,E,E,0,No Deposit,105.0,0.0,0,Transient,233.05,1,0,Check-Out,2015-08-02,7,2015-07-25,8,3.0,0,1,0,77.68333333333334,31-90 days,8-14 nights,group
696,Resort Hotel,0,60,2015,July,30,25,2,6,2,0.0,0,HB,GBR,Online TA,TA/TO,0,0,0,A,A,1,No Deposit,147.0,0.0,0,Transient,90.12,0,1,Check-Out,2015-08-02,7,2015-07-25,8,2.0,0,1,0,45.06,31-90 days,8-14 nights,couple
697,Resort Hotel,1,31,2015,July,30,25,3,6,2,0.0,0,BB,PRT,Online TA,TA/TO,0,0,0,A,A,0,No Deposit,240.0,0.0,0,Transient,120.6,0,1,Canceled,2015-06-29,7,2015-07-25,9,2.0,0,1,0,60.3,31-90 days,8-14 nights,couple
698,Resort Hotel,1,107,2015,July,30,25,3,6,1,0.0,0,BB,PRT,Online TA,TA/TO,0,0,0,A,A,0,No Deposit,240.0,0.0,0,Transient,125.0,0,2,Canceled,2015-04-15,7,2015-07-25,9,1.0,0,1,0,125.0,91-180 days,8-14 nights,solo
699,Resort Hotel,1,31,2015,July,30,25,3,6,2,0.0,0,BB,PRT,Online TA,TA/TO,0,0,0,D,D,0,No Deposit,240.0,0.0,0,Transient,154.0,0,1,Canceled,2015-06-29,7,2015-07-25,9,2.0,0,1,0,77.0,31-90 days,8-14 nights,couple
700,Resort Hotel,0,115,2015,July,30,25,4,6,2,0.0,0,BB,PRT,Online TA,TA/TO,0,0,0,A,A,0,No Deposit,240.0,0.0,0,Transient,120.6,0,2,Check-Out,2015-08-04,7,2015-07-25,10,2.0,0,1,0,60.3,91-180 days,8-14 nights,couple
701,Resort Hotel,0,59,2015,July,30,25,4,8,2,0.0,0,BB,IRL,Offline TA/TO,TA/TO,0,0,0,D,D,0,No Deposit,8.0,0.0,0,Contract,114.25,0,1,Check-Out,2015-08-06,7,2015-07-25,12,2.0,0,1,0,57.125,31-90 days,8-14 nights,couple
702,Resort Hotel,1,85,2015,July,30,25,4,10,2,0.0,0,BB,PRT,Offline TA/TO,TA/TO,0,0,0,A,A,0,No Deposit,8.0,0.0,0,Contract,107.0,0,0,Canceled,2015-07-03,7,2015-07-25,14,2.0,0,1,0,53.5,31-90 days,8-14 nights,couple
703,Resort Hotel,0,0,2015,July,30,25,2,5,2,0.0,0,BB,PRT,Online TA,TA/TO,0,0,0,A,D,0,No Deposit,241.0,0.0,0,Transient,88.55,0,0,Check-Out,2015-08-01,7,2015-07-25,7,2.0,0,1,0,44.275,0-7 days,4-7 nights,couple
704,Resort Hotel,1,299,2015,July,30,25,2,5,2,1.0,0,BB,PRT,Online TA,TA/TO,0,0,0,A,A,0,No Deposit,240.0,0.0,0,Transient,149.0,0,1,Canceled,2015-03-25,7,2015-07-25,7,3.0,1,1,0,49.666666666666664,181+ days,4-7 nights,family
705,Resort Hotel,0,50,2015,July,30,25,2,5,3,0.0,0,BB,PRT,Direct,Direct,0,0,0,G,G,0,No Deposit,0.0,0.0,0,Transient,195.0,1,0,Check-Out,2015-08-01,7,2015-07-25,7,3.0,0,0,0,65.0,31-90 days,4-7 nights,group
706,Resort Hotel,1,50,2015,July,30,25,2,5,2,0.0,0,BB,PRT,Online TA,TA/TO,0,0,0,E,E,0,No Deposit,240.0,0.0,0,Transient,164.0,0,0,Canceled,2015-06-08,7,2015-07-25,7,2.0,0,1,0,82.0,31-90 days,4-7 nights,couple
707,Resort Hotel,1,88,2015,July,31,26,2,2,2,0.0,0,BB,PRT,Online TA,TA/TO,0,0,0,D,D,0,No Deposit,240.0,0.0,0,Transient,154.0,0,1,Canceled,2015-05-15,7,2015-07-26,4,2.0,0,1,0,77.0,31-90 days,4-7 nights,couple
708,Resort Hotel,1,116,2015,July,31,26,2,3,2,0.0,0,BB,PRT,Online TA,TA/TO,0,0,0,A,A,0,No Deposit,240.0,0.0,0,Transient,120.6,0,1,Canceled,2015-06-18,7,2015-07-26,5,2.0,0,1,0,60.3,91-180 days,4-7 nights,couple
709,Resort Hotel,0,47,2015,July,31,26,2,1,2,0.0,0,BB,ESP,Online TA,TA/TO,0,0,0,A,D,0,No Deposit,240.0,0.0,0,Transient,103.5,0,0,Check-Out,2015-07-29,7,2015-07-26,3,2.0,0,1,0,51.75,31-90 days,2-3 nights,couple
710,Resort Hotel,0,48,2015,July,31,26,2,1,2,0.0,0,BB,CN,Online TA,TA/TO,0,0,0,A,D,0,No Deposit,240.0,0.0,0,Transient-Party,115.0,0,3,Check-Out,2015-07-29,7,2015-07-26,3,2.0,0,1,0,57.5,31-90 days,2-3 nights,couple
711,Resort Hotel,1,54,2015,July,31,26,2,4,2,1.0,0,BB,PRT,Online TA,TA/TO,0,0,0,A,A,0,No Deposit,241.0,0.0,0,Transient,95.02,0,2,Canceled,2015-06-03,7,2015-07-26,6,3.0,1,1,0,31.673333333333332,31-90 days,4-7 nights,family
712,Resort Hotel,1,33,2015,July,31,26,2,4,2,0.0,0,BB,PRT,Offline TA/TO,TA/TO,0,0,0,E,E,0,No Deposit,5.0,0.0,0,Transient,132.5,0,0,Canceled,2015-06-25,7,2015-07-26,6,2.0,0,1,0,66.25,31-90 days,4-7 nights,couple
713,Resort Hotel,0,73,2015,July,31,26,2,3,3,0.0,0,HB,PRT,Direct,Direct,0,0,0,E,E,0,No Deposit,250.0,0.0,0,Transient,209.0,0,1,Check-Out,2015-07-31,7,2015-07-26,5,3.0,0,1,0,69.66666666666667,31-90 days,4-7 nights,group
714,Resort Hotel,1,54,2015,July,31,26,2,4,2,1.0,0,BB,PRT,Online TA,TA/TO,0,0,0,A,A,0,No Deposit,241.0,0.0,0,Transient,95.02,0,2,Canceled,2015-06-03,7,2015-07-26,6,3.0,1,1,0,31.673333333333332,31-90 days,4-7 nights,family
715,Resort Hotel,1,33,2015,July,31,26,2,4,2,0.0,0,BB,PRT,Offline TA/TO,TA/TO,0,0,0,E,E,0,No Deposit,5.0,0.0,0,Transient,132.5,0,0,Canceled,2015-06-25,7,2015-07-26,6,2.0,0,1,0,66.25,31-90 days,4-7 nights,couple
716,Resort Hotel,0,38,2015,July,31,26,2,5,2,2.0,0,HB,ESP,Direct,Direct,0,0,0,C,C,0,No Deposit,250.0,0.0,0,Transient,180.0,0,0,Check-Out,2015-08-02,7,2015-07-26,7,4.0,1,1,0,45.0,31-90 days,4-7 nights,family
717,Resort Hotel,0,34,2015,July,31,26,2,0,2,0.0,0,BB,RUS,Online TA,TA/TO,0,0,0,A,A,0,No Deposit,241.0,0.0,0,Transient,103.18,0,0,Check-Out,2015-07-28,7,2015-07-26,2,2.0,0,1,0,51.59,31-90 days,2-3 nights,couple
718,Resort Hotel,0,130,2015,July,31,26,2,5,2,0.0,0,HB,PRT,Direct,Direct,0,0,0,E,E,0,No Deposit,250.0,0.0,0,Transient,174.01,0,1,Check-Out,2015-08-02,7,2015-07-26,7,2.0,0,1,0,87.005,91-180 days,4-7 nights,couple
719,Resort Hotel,1,39,2015,July,31,26,3,5,2,0.0,0,HB,PRT,Offline TA/TO,TA/TO,0,0,0,A,A,0,No Deposit,134.0,0.0,0,Transient,133.0,0,1,Canceled,2015-06-17,7,2015-07-26,8,2.0,0,1,0,66.5,31-90 days,8-14 nights,couple
720,Resort Hotel,1,39,2015,July,31,26,3,5,2,0.0,0,HB,PRT,Offline TA/TO,TA/TO,0,0,0,A,A,0,No Deposit,134.0,0.0,0,Transient,133.0,0,1,Canceled,2015-06-17,7,2015-07-26,8,2.0,0,1,0,66.5,31-90 days,8-14 nights,couple
721,Resort Hotel,0,45,2015,July,31,26,2,5,2,0.0,0,BB,GBR,Offline TA/TO,TA/TO,0,0,0,A,A,0,No Deposit,142.0,0.0,0,Transient,107.2,0,0,Check-Out,2015-08-02,7,2015-07-26,7,2.0,0,1,0,53.6,31-90 days,4-7 nights,couple
722,Resort Hotel,0,31,2015,July,31,27,0,0,2,0.0,0,BB,PRT,Online TA,TA/TO,0,0,0,A,I,1,No Deposit,241.0,0.0,0,Transient,0.0,0,0,Check-Out,2015-07-27,7,2015-07-27,0,2.0,0,1,0,0.0,31-90 days,0-1 nights,couple
723,Resort Hotel,1,48,2015,July,31,27,1,1,2,2.0,0,BB,PRT,Online TA,TA/TO,0,0,0,H,H,0,No Deposit,240.0,0.0,0,Transient,210.0,0,1,Canceled,2015-07-03,7,2015-07-27,2,4.0,1,1,0,52.5,31-90 days,2-3 nights,family
724,Resort Hotel,0,59,2015,July,31,27,1,1,2,0.0,0,BB,PRT,Online TA,TA/TO,0,0,0,E,E,0,No Deposit,240.0,0.0,0,Transient,145.0,1,0,Check-Out,2015-07-29,7,2015-07-27,2,2.0,0,1,0,72.5,31-90 days,2-3 nights,couple
725,Resort Hotel,1,48,2015,July,31,27,1,1,2,2.0,0,BB,PRT,Online TA,TA/TO,0,0,0,G,G,0,No Deposit,240.0,0.0,0,Transient,195.0,0,1,Canceled,2015-07-03,7,2015-07-27,2,4.0,1,1,0,48.75,31-90 days,2-3 nights,family
726,Resort Hotel,1,48,2015,July,31,27,1,1,1,0.0,0,HB,PRT,Online TA,TA/TO,0,0,0,A,A,1,No Deposit,240.0,0.0,0,Transient,124.2,0,1,Canceled,2015-06-15,7,2015-07-27,2,1.0,0,1,0,124.2,31-90 days,2-3 nights,solo
727,Resort Hotel,1,48,2015,July,31,27,1,1,2,0.0,0,HB,PRT,Online TA,TA/TO,0,0,0,D,D,0,No Deposit,240.0,0.0,0,Transient,167.0,0,1,Canceled,2015-06-15,7,2015-07-27,2,2.0,0,1,0,83.5,31-90 days,2-3 nights,couple
728,Resort Hotel,0,48,2015,July,31,27,1,2,2,0.0,0,BB,PRT,Online TA,TA/TO,0,0,0,E,F,0,No Deposit,240.0,0.0,0,Transient,145.0,1,0,Check-Out,2015-07-30,7,2015-07-27,3,2.0,0,1,0,72.5,31-90 days,2-3 nights,couple
729,Resort Hotel,0,96,2015,July,31,27,1,2,2,0.0,0,HB,PRT,Online TA,TA/TO,0,0,0,A,E,0,No Deposit,240.0,0.0,0,Transient,166.0,0,2,Check-Out,2015-07-30,7,2015-07-27,3,2.0,0,1,0,83.0,91-180 days,2-3 nights,couple
730,Resort Hotel,0,51,2015,July,31,27,1,2,2,0.0,0,BB,ESP,Direct,Direct,0,0,0,A,G,0,No Deposit,250.0,0.0,0,Transient,115.0,0,0,Check-Out,2015-07-30,7,2015-07-27,3,2.0,0,1,0,57.5,31-90 days,2-3 nights,couple
731,Resort Hotel,0,96,2015,July,31,27,1,2,2,0.0,0,HB,PRT,Online TA,TA/TO,0,0,0,A,E,0,No Deposit,240.0,0.0,0,Transient,166.0,1,2,Check-Out,2015-07-30,7,2015-07-27,3,2.0,0,1,0,83.0,91-180 days,2-3 nights,couple
732,Resort Hotel,1,41,2015,July,31,27,1,3,2,0.0,0,BB,PRT,Online TA,TA/TO,0,0,0,A,A,0,No Deposit,240.0,0.0,0,Transient,120.6,0,0,Canceled,2015-06-17,7,2015-07-27,4,2.0,0,1,0,60.3,31-90 days,4-7 nights,couple
733,Resort Hotel,0,6,2015,July,31,27,1,3,2,0.0,0,BB,ESP,Direct,Direct,0,0,0,F,F,5,No Deposit,0.0,0.0,0,Transient,162.0,0,2,Check-Out,2015-07-31,7,2015-07-27,4,2.0,0,0,0,81.0,0-7 days,4-7 nights,couple
734,Resort Hotel,0,27,2015,July,31,27,1,3,2,0.0,0,BB,PRT,Online TA,TA/TO,0,0,0,A,D,0,No Deposit,240.0,0.0,0,Transient,153.0,0,0,Check-Out,2015-07-31,7,2015-07-27,4,2.0,0,1,0,76.5,8-30 days,4-7 nights,couple
735,Resort Hotel,0,28,2015,July,31,27,1,3,2,0.0,0,HB,ESP,Offline TA/TO,TA/TO,0,0,0,A,C,0,No Deposit,142.0,0.0,0,Transient,133.2,0,0,Check-Out,2015-07-31,7,2015-07-27,4,2.0,0,1,0,66.6,8-30 days,4-7 nights,couple
736,Resort Hotel,0,30,2015,July,31,27,1,3,2,0.0,0,BB,PRT,Online TA,TA/TO,0,0,0,A,D,0,No Deposit,240.0,0.0,0,Transient,134.0,0,1,Check-Out,2015-07-31,7,2015-07-27,4,2.0,0,1,0,67.0,8-30 days,4-7 nights,couple
737,Resort Hotel,0,45,2015,July,31,27,1,3,2,0.0,0,BB,ESP,Offline TA/TO,TA/TO,0,0,0,A,A,0,No Deposit,196.0,0.0,0,Transient,107.0,1,2,Check-Out,2015-07-31,7,2015-07-27,4,2.0,0,1,0,53.5,31-90 days,4-7 nights,couple
738,Resort Hotel,0,52,2015,July,31,27,1,3,2,1.0,0,HB,PRT,Direct,Direct,0,0,0,D,F,0,No Deposit,0.0,0.0,0,Transient,145.0,0,2,Check-Out,2015-07-31,7,2015-07-27,4,3.0,1,0,0,48.333333333333336,31-90 days,4-7 nights,family
739,Resort Hotel,0,31,2015,July,31,27,1,3,2,0.0,0,HB,ESP,Direct,Direct,0,0,0,A,C,0,No Deposit,250.0,0.0,0,Transient,145.0,0,0,Check-Out,2015-07-31,7,2015-07-27,4,2.0,0,1,0,72.5,31-90 days,4-7 nights,couple
740,Resort Hotel,1,74,2015,July,31,27,1,3,2,0.0,0,BB,PRT,Offline TA/TO,TA/TO,0,0,0,A,A,0,No Deposit,171.0,0.0,0,Transient,107.0,0,1,Canceled,2015-06-29,7,2015-07-27,4,2.0,0,1,0,53.5,31-90 days,4-7 nights,couple
741,Resort Hotel,0,31,2015,July,31,27,1,3,2,0.0,0,BB,PRT,Offline TA/TO,TA/TO,0,0,0,F,F,0,No Deposit,36.0,0.0,0,Transient,167.2,0,0,Check-Out,2015-07-31,7,2015-07-27,4,2.0,0,1,0,83.6,31-90 days,4-7 nights,couple
742,Resort Hotel,1,87,2015,July,31,27,1,3,2,0.0,0,BB,PRT,Online TA,TA/TO,0,0,0,A,A,0,No Deposit,240.0,0.0,0,Transient,134.0,0,2,Canceled,2015-05-09,7,2015-07-27,4,2.0,0,1,0,67.0,31-90 days,4-7 nights,couple
743,Resort Hotel,0,48,2015,July,31,27,1,3,2,1.0,0,BB,PRT,Online TA,TA/TO,0,0,0,A,C,1,No Deposit,240.0,0.0,0,Transient,130.0,0,0,Check-Out,2015-07-31,7,2015-07-27,4,3.0,1,1,0,43.333333333333336,31-90 days,4-7 nights,family
744,Resort Hotel,1,41,2015,July,31,27,1,3,2,0.0,0,BB,PRT,Online TA,TA/TO,0,0,0,E,E,0,No Deposit,240.0,0.0,0,Transient,164.0,0,0,Canceled,2015-06-17,7,2015-07-27,4,2.0,0,1,0,82.0,31-90 days,4-7 nights,couple
745,Resort Hotel,0,35,2015,July,31,27,1,3,2,0.0,0,HB,PRT,Offline TA/TO,TA/TO,0,0,0,D,D,0,No Deposit,196.0,0.0,0,Transient,149.0,0,0,Check-Out,2015-07-31,7,2015-07-27,4,2.0,0,1,0,74.5,31-90 days,4-7 nights,couple
746,Resort Hotel,0,28,2015,July,31,27,1,4,2,0.0,0,BB,PRT,Online TA,TA/TO,0,0,0,D,D,0,No Deposit,240.0,0.0,0,Transient,154.0,1,0,Check-Out,2015-08-01,7,2015-07-27,5,2.0,0,1,0,77.0,8-30 days,4-7 nights,couple
747,Resort Hotel,0,77,2015,July,31,27,1,4,2,0.0,0,BB,PRT,Online TA,TA/TO,0,0,0,G,G,1,No Deposit,240.0,0.0,0,Transient,195.0,0,1,Check-Out,2015-08-01,7,2015-07-27,5,2.0,0,1,0,97.5,31-90 days,4-7 nights,couple
748,Resort Hotel,1,33,2015,July,31,27,1,4,2,0.0,0,BB,PRT,Online TA,TA/TO,0,0,0,A,A,0,No Deposit,240.0,0.0,0,Transient,134.0,0,0,Canceled,2015-06-25,7,2015-07-27,5,2.0,0,1,0,67.0,31-90 days,4-7 nights,couple
749,Resort Hotel,0,30,2015,July,31,27,1,4,2,0.0,0,BB,PRT,Offline TA/TO,TA/TO,0,0,0,A,A,0,No Deposit,5.0,0.0,0,Transient,107.2,0,0,Check-Out,2015-08-01,7,2015-07-27,5,2.0,0,1,0,53.6,8-30 days,4-7 nights,couple
750,Resort Hotel,1,34,2015,July,31,27,1,4,2,0.0,0,HB,PRT,Online TA,TA/TO,0,0,0,A,A,0,No Deposit,240.0,0.0,0,Transient,164.0,0,0,Canceled,2015-07-06,7,2015-07-27,5,2.0,0,1,0,82.0,31-90 days,4-7 nights,couple
751,Resort Hotel,1,298,2015,July,31,27,1,5,3,0.0,0,HB,PRT,Offline TA/TO,TA/TO,0,0,0,A,A,0,No Deposit,175.0,0.0,0,Transient,183.45,0,1,Canceled,2015-03-17,7,2015-07-27,6,3.0,0,1,0,61.15,181+ days,4-7 nights,group
752,Resort Hotel,0,35,2015,July,31,27,1,5,2,0.0,0,HB,ESP,Online TA,TA/TO,0,0,0,A,A,0,No Deposit,240.0,0.0,0,Transient,159.6,1,1,Check-Out,2015-08-02,7,2015-07-27,6,2.0,0,1,0,79.8,31-90 days,4-7 nights,couple
753,Resort Hotel,0,40,2015,July,31,27,1,5,2,0.0,0,BB,PRT,Online TA,TA/TO,0,0,0,A,A,0,No Deposit,240.0,0.0,0,Transient,120.6,0,0,Check-Out,2015-08-02,7,2015-07-27,6,2.0,0,1,0,60.3,31-90 days,4-7 nights,couple
754,Resort Hotel,1,101,2015,July,31,27,2,5,2,0.0,0,BB,PRT,Online TA,TA/TO,0,0,0,E,E,0,No Deposit,240.0,0.0,0,Transient,164.0,0,2,Canceled,2015-05-13,7,2015-07-27,7,2.0,0,1,0,82.0,91-180 days,4-7 nights,couple
755,Resort Hotel,1,101,2015,July,31,27,2,5,2,0.0,0,BB,PRT,Online TA,TA/TO,0,0,0,G,G,0,No Deposit,240.0,0.0,0,Transient,219.43,0,2,Canceled,2015-05-13,7,2015-07-27,7,2.0,0,1,0,109.715,91-180 days,4-7 nights,couple
756,Resort Hotel,1,101,2015,July,31,27,2,5,2,0.0,0,BB,PRT,Online TA,TA/TO,0,0,0,A,A,0,No Deposit,240.0,0.0,0,Transient,134.0,0,2,Canceled,2015-05-13,7,2015-07-27,7,2.0,0,1,0,67.0,91-180 days,4-7 nights,couple
757,Resort Hotel,1,101,2015,July,31,27,2,5,2,0.0,0,BB,PRT,Online TA,TA/TO,0,0,0,E,E,0,No Deposit,240.0,0.0,0,Transient,164.0,0,2,Canceled,2015-05-13,7,2015-07-27,7,2.0,0,1,0,82.0,91-180 days,4-7 nights,couple
758,Resort Hotel,0,38,2015,July,31,27,2,5,2,0.0,0,BB,GBR,Offline TA/TO,TA/TO,0,0,0,A,A,0,No Deposit,142.0,0.0,0,Transient,107.2,0,0,Check-Out,2015-08-03,7,2015-07-27,7,2.0,0,1,0,53.6,31-90 days,4-7 nights,couple
759,Resort Hotel,0,76,2015,July,31,27,2,5,2,0.0,0,BB,GBR,Online TA,TA/TO,0,0,0,D,D,0,No Deposit,241.0,0.0,0,Transient,102.72,0,1,Check-Out,2015-08-03,7,2015-07-27,7,2.0,0,1,0,51.36,31-90 days,4-7 nights,couple
760,Resort Hotel,0,70,2015,July,31,28,0,1,2,1.0,0,BB,GBR,Online TA,TA/TO,0,0,0,D,E,0,No Deposit,241.0,0.0,0,Transient,114.85,0,1,Check-Out,2015-07-29,7,2015-07-28,1,3.0,1,1,0,38.28333333333333,31-90 days,0-1 nights,family
761,Resort Hotel,0,70,2015,July,31,28,0,1,2,1.0,0,BB,USA,Online TA,TA/TO,0,0,0,D,E,0,No Deposit,241.0,0.0,0,Transient,114.85,0,1,Check-Out,2015-07-29,7,2015-07-28,1,3.0,1,1,0,38.28333333333333,31-90 days,0-1 nights,family
762,Resort Hotel,0,68,2015,July,31,28,0,2,2,0.0,0,BB,PRT,Online TA,TA/TO,0,0,0,D,E,0,No Deposit,240.0,0.0,0,Transient,135.0,1,1,Check-Out,2015-07-30,7,2015-07-28,2,2.0,0,1,0,67.5,31-90 days,2-3 nights,couple
763,Resort Hotel,1,63,2015,July,31,28,0,3,2,2.0,0,BB,PRT,Online TA,TA/TO,0,0,0,G,G,0,No Deposit,240.0,0.0,0,Transient,195.0,0,0,Canceled,2015-07-07,7,2015-07-28,3,4.0,1,1,0,48.75,31-90 days,2-3 nights,family
764,Resort Hotel,1,11,2015,July,31,28,0,3,2,0.0,0,BB,PRT,Online TA,TA/TO,0,0,0,D,D,0,No Deposit,240.0,0.0,0,Transient,173.0,0,0,Canceled,2015-07-27,7,2015-07-28,3,2.0,0,1,0,86.5,8-30 days,2-3 nights,couple
765,Resort Hotel,0,32,2015,July,31,28,0,4,2,0.0,0,BB,ESP,Offline TA/TO,TA/TO,0,0,0,A,A,0,No Deposit,177.0,0.0,0,Transient,107.0,0,1,Check-Out,2015-08-01,7,2015-07-28,4,2.0,0,1,0,53.5,31-90 days,4-7 nights,couple
766,Resort Hotel,0,29,2015,July,31,28,0,4,2,0.0,0,BB,RUS,Offline TA/TO,TA/TO,0,0,0,A,A,0,No Deposit,171.0,0.0,0,Transient,107.0,0,1,Check-Out,2015-08-01,7,2015-07-28,4,2.0,0,1,0,53.5,8-30 days,4-7 nights,couple
767,Resort Hotel,0,47,2015,July,31,28,0,4,2,0.0,0,BB,PRT,Direct,Direct,0,0,0,F,F,0,No Deposit,0.0,0.0,0,Transient,164.0,0,2,Check-Out,2015-08-01,7,2015-07-28,4,2.0,0,0,0,82.0,31-90 days,4-7 nights,couple
768,Resort Hotel,0,50,2015,July,31,28,0,5,2,0.0,0,BB,PRT,Online TA,TA/TO,0,0,0,D,D,0,No Deposit,240.0,0.0,0,Transient,138.8,0,1,Check-Out,2015-08-02,7,2015-07-28,5,2.0,0,1,0,69.4,31-90 days,4-7 nights,couple
769,Resort Hotel,1,29,2015,July,31,28,0,5,2,0.0,0,BB,PRT,Online TA,TA/TO,0,0,0,D,D,0,No Deposit,240.0,0.0,0,Transient,154.0,0,2,Canceled,2015-07-16,7,2015-07-28,5,2.0,0,1,0,77.0,8-30 days,4-7 nights,couple
770,Resort Hotel,0,36,2015,July,31,28,0,5,2,0.0,0,BB,ESP,Direct,Direct,0,0,0,D,D,0,No Deposit,250.0,0.0,0,Transient,135.0,0,0,Check-Out,2015-08-02,7,2015-07-28,5,2.0,0,1,0,67.5,31-90 days,4-7 nights,couple
771,Resort Hotel,0,49,2015,July,31,28,1,5,2,0.0,0,BB,NOR,Online TA,TA/TO,0,0,0,A,A,0,No Deposit,241.0,0.0,0,Transient,103.18,0,1,Check-Out,2015-08-03,7,2015-07-28,6,2.0,0,1,0,51.59,31-90 days,4-7 nights,couple
772,Resort Hotel,1,70,2015,July,31,28,2,6,2,0.0,0,BB,PRT,Offline TA/TO,TA/TO,0,0,0,D,D,0,No Deposit,8.0,0.0,0,Contract,115.5,0,0,Canceled,2015-05-22,7,2015-07-28,8,2.0,0,1,0,57.75,31-90 days,8-14 nights,couple
773,Resort Hotel,0,110,2015,July,31,28,2,8,2,0.0,0,BB,USA,Offline TA/TO,TA/TO,0,0,0,A,D,1,No Deposit,6.0,0.0,0,Transient,90.95,0,1,Check-Out,2015-08-07,7,2015-07-28,10,2.0,0,1,0,45.475,91-180 days,8-14 nights,couple
774,Resort Hotel,0,8,2015,July,31,29,0,0,2,0.0,0,HB,PRT,Offline TA/TO,TA/TO,0,0,0,D,I,0,No Deposit,142.0,0.0,0,Contract,0.0,0,0,Check-Out,2015-07-29,7,2015-07-29,0,2.0,0,1,0,0.0,8-30 days,0-1 nights,couple
775,Resort Hotel,1,119,2015,July,31,29,0,4,2,0.0,0,BB,PRT,Online TA,TA/TO,0,0,0,A,A,0,No Deposit,240.0,0.0,0,Transient,108.54,0,1,Canceled,2015-04-04,7,2015-07-29,4,2.0,0,1,0,54.27,91-180 days,4-7 nights,couple
776,Resort Hotel,0,30,2015,July,31,29,0,4,2,0.0,0,BB,PRT,Online TA,TA/TO,0,0,0,A,E,0,No Deposit,240.0,0.0,0,Transient,146.0,1,2,Check-Out,2015-08-02,7,2015-07-29,4,2.0,0,1,0,73.0,8-30 days,4-7 nights,couple
777,Resort Hotel,1,29,2015,July,31,29,1,4,2,0.0,0,BB,PRT,Online TA,TA/TO,0,0,0,D,D,0,No Deposit,240.0,0.0,0,Transient,165.4,0,1,Canceled,2015-07-02,7,2015-07-29,5,2.0,0,1,0,82.7,8-30 days,4-7 nights,couple
778,Resort Hotel,0,71,2015,July,31,29,1,4,2,0.0,0,BB,GBR,Online TA,TA/TO,0,0,0,A,C,0,No Deposit,240.0,0.0,0,Transient,134.0,0,0,Check-Out,2015-08-03,7,2015-07-29,5,2.0,0,1,0,67.0,31-90 days,4-7 nights,couple
779,Resort Hotel,1,37,2015,July,31,29,1,4,2,0.0,0,HB,PRT,Offline TA/TO,TA/TO,0,0,0,A,D,0,No Deposit,196.0,0.0,0,Transient,133.0,0,1,Canceled,2015-07-27,7,2015-07-29,5,2.0,0,1,0,66.5,31-90 days,4-7 nights,couple
780,Resort Hotel,1,40,2015,July,31,29,1,4,3,0.0,0,HB,PRT,Direct,Direct,0,0,0,H,H,0,No Deposit,0.0,0.0,0,Transient,240.0,0,0,Canceled,2015-06-22,7,2015-07-29,5,3.0,0,0,0,80.0,31-90 days,4-7 nights,group
781,Resort Hotel,0,37,2015,July,31,29,1,4,2,0.0,0,HB,PRT,Direct,Direct,0,0,0,A,D,0,No Deposit,250.0,0.0,0,Transient,157.0,0,1,Check-Out,2015-08-03,7,2015-07-29,5,2.0,0,1,0,78.5,31-90 days,4-7 nights,couple
782,Resort Hotel,0,0,2015,July,31,29,0,1,2,2.0,0,BB,PRT,Direct,Direct,0,0,0,H,H,0,No Deposit,0.0,0.0,0,Transient,188.0,0,0,Check-Out,2015-07-30,7,2015-07-29,1,4.0,1,0,0,47.0,0-7 days,0-1 nights,family
783,Resort Hotel,1,37,2015,July,31,29,1,4,2,0.0,0,HB,PRT,Offline TA/TO,TA/TO,0,0,0,A,D,0,No Deposit,196.0,0.0,0,Transient,133.0,0,1,Canceled,2015-07-27,7,2015-07-29,5,2.0,0,1,0,66.5,31-90 days,4-7 nights,couple
784,Resort Hotel,0,37,2015,July,31,29,1,4,2,0.0,0,HB,PRT,Direct,Direct,0,0,0,A,D,0,No Deposit,250.0,0.0,0,Transient,145.0,0,1,Check-Out,2015-08-03,7,2015-07-29,5,2.0,0,1,0,72.5,31-90 days,4-7 nights,couple
785,Resort Hotel,0,97,2015,July,31,29,1,4,2,0.0,0,BB,GBR,Online TA,TA/TO,0,0,0,A,A,0,No Deposit,240.0,0.0,0,Transient,134.0,0,2,Check-Out,2015-08-03,7,2015-07-29,5,2.0,0,1,0,67.0,91-180 days,4-7 nights,couple
786,Resort Hotel,1,71,2015,July,31,29,1,4,2,0.0,0,BB,PRT,Online TA,TA/TO,0,0,0,A,A,0,No Deposit,240.0,0.0,0,Transient,134.0,0,0,Canceled,2015-05-23,7,2015-07-29,5,2.0,0,1,0,67.0,31-90 days,4-7 nights,couple
787,Resort Hotel,1,118,2015,July,31,29,1,4,2,0.0,0,HB,PRT,Online TA,TA/TO,0,0,0,D,D,1,No Deposit,240.0,0.0,0,Transient,186.0,0,2,Canceled,2015-07-10,7,2015-07-29,5,2.0,0,1,0,93.0,91-180 days,4-7 nights,couple
788,Resort Hotel,0,102,2015,July,31,29,2,5,2,0.0,0,BB,GBR,Offline TA/TO,TA/TO,0,0,0,A,D,0,No Deposit,6.0,0.0,0,Transient,90.95,0,1,Check-Out,2015-08-05,7,2015-07-29,7,2.0,0,1,0,45.475,91-180 days,4-7 nights,couple
789,Resort Hotel,1,54,2015,July,31,29,2,5,2,0.0,0,BB,PRT,Online TA,TA/TO,0,0,0,F,F,0,No Deposit,241.0,0.0,0,Transient,141.65,0,0,Canceled,2015-06-08,7,2015-07-29,7,2.0,0,1,0,70.825,31-90 days,4-7 nights,couple
790,Resort Hotel,1,58,2015,July,31,29,2,5,2,0.0,0,BB,PRT,Online TA,TA/TO,0,0,0,D,D,0,No Deposit,147.0,0.0,0,Transient,99.24,0,0,Canceled,2015-06-05,7,2015-07-29,7,2.0,0,1,0,49.62,31-90 days,4-7 nights,couple
791,Resort Hotel,0,34,2015,July,31,29,2,4,2,0.0,0,BB,GBR,Online TA,TA/TO,0,0,0,A,D,0,No Deposit,241.0,0.0,0,Transient,108.06,0,1,Check-Out,2015-08-04,7,2015-07-29,6,2.0,0,1,0,54.03,31-90 days,4-7 nights,couple
792,Resort Hotel,1,105,2015,July,31,29,2,5,2,0.0,0,BB,PRT,Offline TA/TO,TA/TO,0,0,0,A,D,0,No Deposit,6.0,0.0,0,Transient,90.95,0,0,Canceled,2015-04-15,7,2015-07-29,7,2.0,0,1,0,45.475,91-180 days,4-7 nights,couple
793,Resort Hotel,1,47,2015,July,31,29,2,6,2,0.0,0,BB,PRT,Online TA,TA/TO,0,0,0,A,A,0,No Deposit,242.0,0.0,0,Transient,148.63,0,1,Canceled,2015-06-17,7,2015-07-29,8,2.0,0,1,0,74.315,31-90 days,8-14 nights,couple
794,Resort Hotel,1,15,2015,July,31,30,0,1,2,0.0,0,BB,PRT,Online TA,TA/TO,0,0,0,D,D,1,No Deposit,240.0,0.0,0,Transient,173.0,0,3,Canceled,2015-07-16,7,2015-07-30,1,2.0,0,1,0,86.5,8-30 days,0-1 nights,couple
795,Resort Hotel,0,37,2015,July,31,30,0,1,1,0.0,0,BB,ESP,Offline TA/TO,TA/TO,0,0,0,A,F,1,No Deposit,134.0,0.0,0,Transient,107.0,0,0,Check-Out,2015-07-31,7,2015-07-30,1,1.0,0,1,0,107.0,31-90 days,0-1 nights,solo
796,Resort Hotel,1,0,2015,July,31,30,0,1,1,0.0,0,BB,PRT,Corporate,Corporate,0,0,0,A,A,0,No Deposit,0.0,270.0,0,Transient,114.0,0,0,Canceled,2015-07-30,7,2015-07-30,1,1.0,0,0,1,114.0,0-7 days,0-1 nights,solo
797,Resort Hotel,1,8,2015,July,31,30,0,1,2,0.0,0,BB,PRT,Online TA,TA/TO,0,0,0,A,H,0,No Deposit,240.0,0.0,0,Transient,153.0,0,1,Canceled,2015-07-30,7,2015-07-30,1,2.0,0,1,0,76.5,8-30 days,0-1 nights,couple
798,Resort Hotel,0,17,2015,July,31,30,0,2,2,0.0,0,BB,GBR,Online TA,TA/TO,0,0,0,A,E,0,No Deposit,240.0,0.0,0,Transient,153.0,0,1,Check-Out,2015-08-01,7,2015-07-30,2,2.0,0,1,0,76.5,8-30 days,2-3 nights,couple
799,Resort Hotel,0,3,2015,July,31,30,0,3,3,1.0,0,HB,PRT,Direct,Direct,0,0,0,G,G,0,No Deposit,0.0,0.0,0,Transient,250.33,0,2,Check-Out,2015-08-02,7,2015-07-30,3,4.0,1,0,0,62.5825,0-7 days,2-3 nights,family
800,Resort Hotel,1,30,2015,July,31,30,0,3,2,0.0,0,BB,PRT,Online TA,TA/TO,0,0,0,A,A,0,No Deposit,242.0,0.0,0,Transient,146.67,0,2,Canceled,2015-07-06,7,2015-07-30,3,2.0,0,1,0,73.335,8-30 days,2-3 nights,couple
801,Resort Hotel,1,31,2015,July,31,30,0,3,2,0.0,0,BB,PRT,Online TA,TA/TO,0,0,0,D,D,0,No Deposit,242.0,0.0,0,Transient,154.0,0,2,Canceled,2015-06-30,7,2015-07-30,3,2.0,0,1,0,77.0,31-90 days,2-3 nights,couple
802,Resort Hotel,1,66,2015,July,31,30,0,3,2,0.0,0,BB,PRT,Online TA,TA/TO,0,0,0,A,A,0,No Deposit,240.0,0.0,0,Transient,120.6,0,0,Canceled,2015-06-11,7,2015-07-30,3,2.0,0,1,0,60.3,31-90 days,2-3 nights,couple
803,Resort Hotel,0,52,2015,July,31,30,0,3,2,2.0,0,FB,ESP,Offline TA/TO,TA/TO,0,0,0,C,C,0,No Deposit,196.0,0.0,0,Transient,280.74,1,0,Check-Out,2015-07-30,7,2015-07-30,3,4.0,1,1,0,70.185,31-90 days,2-3 nights,family
804,Resort Hotel,0,20,2015,July,31,30,1,3,2,1.0,0,BB,BRA,Online TA,TA/TO,0,0,0,A,C,0,No Deposit,240.0,0.0,0,Transient,193.0,0,1,Check-Out,2015-08-03,7,2015-07-30,4,3.0,1,1,0,64.33333333333333,8-30 days,4-7 nights,family
805,Resort Hotel,1,30,2015,July,31,30,0,3,2,0.0,0,BB,PRT,Online TA,TA/TO,0,0,0,A,A,0,No Deposit,242.0,0.0,0,Transient,146.67,0,2,Canceled,2015-07-06,7,2015-07-30,3,2.0,0,1,0,73.335,8-30 days,2-3 nights,couple
806,Resort Hotel,1,31,2015,July,31,30,0,3,2,0.0,0,BB,PRT,Online TA,TA/TO,0,0,0,D,D,0,No Deposit,242.0,0.0,0,Transient,154.0,0,2,Canceled,2015-06-30,7,2015-07-30,3,2.0,0,1,0,77.0,31-90 days,2-3 nights,couple
807,Resort Hotel,1,62,2015,July,31,30,1,3,2,0.0,0,BB,PRT,Online TA,TA/TO,0,0,0,E,E,0,No Deposit,240.0,0.0,0,Transient,154.5,0,0,Canceled,2015-06-09,7,2015-07-30,4,2.0,0,1,0,77.25,31-90 days,4-7 nights,couple
808,Resort Hotel,1,65,2015,July,31,30,1,3,2,0.0,0,BB,PRT,Online TA,TA/TO,0,0,0,A,A,0,No Deposit,240.0,0.0,0,Transient,120.6,0,0,Canceled,2015-06-11,7,2015-07-30,4,2.0,0,1,0,60.3,31-90 days,4-7 nights,couple
809,Resort Hotel,1,64,2015,July,31,30,2,3,2,0.0,0,BB,PRT,Online TA,TA/TO,0,0,0,A,A,1,No Deposit,240.0,0.0,0,Transient,137.8,0,0,Canceled,2015-06-08,7,2015-07-30,5,2.0,0,1,0,68.9,31-90 days,4-7 nights,couple
810,Resort Hotel,0,77,2015,July,31,30,2,7,2,0.0,0,HB,PRT,Direct,Direct,0,0,0,E,E,2,No Deposit,0.0,0.0,0,Transient,160.0,1,3,Check-Out,2015-08-08,7,2015-07-30,9,2.0,0,0,0,80.0,31-90 days,8-14 nights,couple
811,Resort Hotel,0,75,2015,July,31,30,2,7,2,0.0,0,BB,CHE,Offline TA/TO,TA/TO,0,0,0,D,D,0,No Deposit,36.0,0.0,0,Transient-Party,125.89,0,1,Check-Out,2015-08-08,7,2015-07-30,9,2.0,0,1,0,62.945,31-90 days,8-14 nights,couple
812,Resort Hotel,0,75,2015,July,31,30,2,7,2,0.0,0,BB,CHE,Offline TA/TO,TA/TO,0,0,0,D,D,0,No Deposit,36.0,0.0,0,Transient-Party,125.89,0,1,Check-Out,2015-08-08,7,2015-07-30,9,2.0,0,1,0,62.945,31-90 days,8-14 nights,couple
813,Resort Hotel,1,62,2015,July,31,30,2,5,2,0.0,0,BB,PRT,Direct,Direct,0,0,0,D,D,0,No Deposit,250.0,0.0,0,Transient,126.71,0,0,Canceled,2015-06-24,7,2015-07-30,7,2.0,0,1,0,63.355,31-90 days,4-7 nights,couple
814,Resort Hotel,0,42,2015,July,31,31,0,0,1,0.0,0,BB,PRT,Offline TA/TO,TA/TO,0,0,0,A,I,0,No Deposit,142.0,0.0,0,Contract,0.0,0,0,Check-Out,2015-07-31,7,2015-07-31,0,1.0,0,1,0,0.0,31-90 days,0-1 nights,solo
815,Resort Hotel,0,46,2015,July,31,31,0,0,2,0.0,0,HB,PRT,Online TA,TA/TO,0,0,0,E,I,0,No Deposit,240.0,0.0,0,Transient,0.0,1,0,Check-Out,2015-07-31,7,2015-07-31,0,2.0,0,1,0,0.0,31-90 days,0-1 nights,couple
816,Resort Hotel,0,0,2015,July,31,31,0,1,2,2.0,0,BB,PRT,Direct,Direct,0,0,0,F,F,0,No Deposit,0.0,0.0,0,Transient,188.0,0,0,Check-Out,2015-08-01,7,2015-07-31,1,4.0,1,0,0,47.0,0-7 days,0-1 nights,family
817,Resort Hotel,1,25,2015,July,31,31,0,1,2,0.0,0,BB,PRT,Online TA,TA/TO,0,0,0,A,A,0,No Deposit,240.0,0.0,0,Transient,153.0,0,2,Canceled,2015-07-06,7,2015-07-31,1,2.0,0,1,0,76.5,8-30 days,0-1 nights,couple
818,Resort Hotel,1,16,2015,July,31,31,0,1,2,0.0,0,BB,PRT,Online TA,TA/TO,0,0,0,D,D,0,No Deposit,240.0,0.0,0,Transient,173.0,0,3,Canceled,2015-07-16,7,2015-07-31,1,2.0,0,1,0,86.5,8-30 days,0-1 nights,couple
819,Resort Hotel,1,16,2015,July,31,31,0,1,2,0.0,0,BB,PRT,Online TA,TA/TO,0,0,0,D,D,0,No Deposit,240.0,0.0,0,Transient,173.0,0,3,Canceled,2015-07-16,7,2015-07-31,1,2.0,0,1,0,86.5,8-30 days,0-1 nights,couple
820,Resort Hotel,0,16,2015,July,31,31,0,2,1,0.0,0,BB,PRT,Direct,Direct,0,0,0,A,A,0,No Deposit,0.0,0.0,0,Transient-Party,120.0,0,1,Check-Out,2015-08-02,7,2015-07-31,2,1.0,0,0,0,120.0,8-30 days,2-3 nights,solo
821,Resort Hotel,1,4,2015,July,31,31,0,2,2,0.0,0,BB,PRT,Online TA,TA/TO,0,0,0,A,D,0,No Deposit,240.0,0.0,0,Transient,154.8,0,3,Canceled,2015-07-31,7,2015-07-31,2,2.0,0,1,0,77.4,0-7 days,2-3 nights,couple
822,Resort Hotel,0,4,2015,July,31,31,0,2,2,0.0,0,BB,PRT,Online TA,TA/TO,0,0,0,D,D,0,No Deposit,240.0,0.0,0,Transient-Party,192.0,0,2,Check-Out,2015-08-02,7,2015-07-31,2,2.0,0,1,0,96.0,0-7 days,2-3 nights,couple
823,Resort Hotel,1,25,2015,July,31,31,0,2,2,0.0,0,BB,PRT,Online TA,TA/TO,0,0,0,A,A,0,No Deposit,240.0,0.0,0,Transient,153.0,0,0,Canceled,2015-07-06,7,2015-07-31,2,2.0,0,1,0,76.5,8-30 days,2-3 nights,couple
824,Resort Hotel,1,83,2015,July,31,31,0,2,2,0.0,0,BB,PRT,Online TA,TA/TO,0,0,0,A,A,0,No Deposit,240.0,0.0,0,Transient,120.6,0,1,Canceled,2015-06-16,7,2015-07-31,2,2.0,0,1,0,60.3,31-90 days,2-3 nights,couple
825,Resort Hotel,0,4,2015,July,31,31,0,2,2,0.0,0,BB,PRT,Online TA,TA/TO,0,0,0,D,D,0,No Deposit,240.0,0.0,0,Transient-Party,192.0,1,2,Check-Out,2015-08-02,7,2015-07-31,2,2.0,0,1,0,96.0,0-7 days,2-3 nights,couple
826,Resort Hotel,1,56,2015,July,31,31,0,2,2,0.0,0,BB,PRT,Online TA,TA/TO,0,0,0,A,A,0,No Deposit,240.0,0.0,0,Transient,120.6,0,0,Canceled,2015-07-21,7,2015-07-31,2,2.0,0,1,0,60.3,31-90 days,2-3 nights,couple
827,Resort Hotel,1,32,2015,July,31,31,0,2,2,0.0,0,BB,PRT,Online TA,TA/TO,0,0,0,E,E,0,No Deposit,240.0,0.0,0,Transient,164.0,0,2,Canceled,2015-07-13,7,2015-07-31,2,2.0,0,1,0,82.0,31-90 days,2-3 nights,couple
828,Resort Hotel,0,32,2015,July,31,31,0,2,2,2.0,0,BB,PRT,Online TA,TA/TO,0,0,0,H,H,0,No Deposit,240.0,0.0,0,Transient,219.5,0,0,Check-Out,2015-08-02,7,2015-07-31,2,4.0,1,1,0,54.875,31-90 days,2-3 nights,family
829,Resort Hotel,0,0,2015,July,31,31,0,2,2,0.0,0,HB,PRT,Online TA,TA/TO,0,0,0,A,C,0,No Deposit,240.0,0.0,0,Transient,192.5,0,1,Check-Out,2015-08-02,7,2015-07-31,2,2.0,0,1,0,96.25,0-7 days,2-3 nights,couple
830,Resort Hotel,1,18,2015,July,31,31,1,2,2,0.0,0,BB,PRT,Online TA,TA/TO,0,0,0,A,A,0,No Deposit,240.0,0.0,0,Transient,149.7,0,1,Canceled,2015-07-15,7,2015-07-31,3,2.0,0,1,0,74.85,8-30 days,2-3 nights,couple
831,Resort Hotel,1,23,2015,July,31,31,1,2,2,0.0,0,BB,PRT,Direct,Direct,0,0,0,A,A,0,No Deposit,0.0,0.0,0,Transient,111.92,0,0,Canceled,2015-07-14,7,2015-07-31,3,2.0,0,0,0,55.96,8-30 days,2-3 nights,couple
832,Resort Hotel,1,39,2015,July,31,31,1,2,2,0.0,0,BB,PRT,Online TA,TA/TO,0,0,0,A,A,0,No Deposit,240.0,0.0,0,Transient,120.6,0,1,Canceled,2015-07-11,7,2015-07-31,3,2.0,0,1,0,60.3,31-90 days,2-3 nights,couple
833,Resort Hotel,1,18,2015,July,31,31,1,2,2,0.0,0,BB,PRT,Online TA,TA/TO,0,0,0,A,A,0,No Deposit,240.0,0.0,0,Transient,149.7,0,1,Canceled,2015-07-15,7,2015-07-31,3,2.0,0,1,0,74.85,8-30 days,2-3 nights,couple
834,Resort Hotel,1,18,2015,July,31,31,1,2,2,0.0,0,BB,PRT,Online TA,TA/TO,0,0,0,D,D,0,No Deposit,240.0,0.0,0,Transient,173.0,0,3,Canceled,2015-07-15,7,2015-07-31,3,2.0,0,1,0,86.5,8-30 days,2-3 nights,couple
835,Resort Hotel,1,23,2015,July,31,31,1,2,2,0.0,0,BB,PRT,Online TA,TA/TO,0,0,0,A,A,0,No Deposit,241.0,0.0,0,Transient,112.0,0,1,Canceled,2015-07-14,7,2015-07-31,3,2.0,0,1,0,56.0,8-30 days,2-3 nights,couple
836,Resort Hotel,0,286,2015,July,31,31,2,2,1,0.0,0,BB,IRL,Direct,Direct,0,0,0,A,A,0,No Deposit,2.0,0.0,0,Transient,57.6,0,0,Check-Out,2015-08-04,7,2015-07-31,4,1.0,0,1,0,57.6,181+ days,4-7 nights,solo
837,Resort Hotel,0,72,2015,July,31,31,2,2,2,2.0,0,BB,PRT,Online TA,TA/TO,0,0,0,G,G,0,No Deposit,240.0,0.0,0,Transient,214.0,1,0,Check-Out,2015-08-04,7,2015-07-31,4,4.0,1,1,0,53.5,31-90 days,4-7 nights,family
838,Resort Hotel,1,136,2015,July,31,31,2,2,2,0.0,0,BB,PRT,Online TA,TA/TO,0,0,0,A,A,0,No Deposit,240.0,0.0,0,Transient,172.0,0,0,Canceled,2015-07-09,7,2015-07-31,4,2.0,0,1,0,86.0,91-180 days,4-7 nights,couple
839,Resort Hotel,0,58,2015,July,31,31,2,3,1,0.0,0,BB,NLD,Online TA,TA/TO,0,0,0,D,D,1,No Deposit,105.0,0.0,0,Transient,157.8,0,0,Check-Out,2015-08-05,7,2015-07-31,5,1.0,0,1,0,157.8,31-90 days,4-7 nights,solo
840,Resort Hotel,0,80,2015,July,31,31,2,4,2,0.0,0,BB,BEL,Online TA,TA/TO,0,0,0,E,E,0,No Deposit,240.0,0.0,0,Transient,170.33,1,1,Check-Out,2015-08-06,7,2015-07-31,6,2.0,0,1,0,85.165,31-90 days,4-7 nights,couple
841,Resort Hotel,0,113,2015,July,31,31,3,7,2,0.0,0,BB,IRL,Offline TA/TO,TA/TO,0,0,0,E,E,0,No Deposit,40.0,0.0,0,Contract,119.25,0,0,Check-Out,2015-08-10,7,2015-07-31,10,2.0,0,1,0,59.625,91-180 days,8-14 nights,couple
842,Resort Hotel,0,129,2015,August,31,1,1,1,2,0.0,0,BB,PRT,Offline TA/TO,TA/TO,0,0,0,A,A,0,No Deposit,67.0,0.0,0,Transient,96.3,0,0,Check-Out,2015-08-03,8,2015-08-01,2,2.0,0,1,0,48.15,91-180 days,2-3 nights,couple
843,Resort Hotel,1,84,2015,August,31,1,2,1,2,0.0,0,HB,PRT,Offline TA/TO,TA/TO,0,0,0,A,A,0,No Deposit,175.0,0.0,0,Transient-Party,118.06,0,0,Canceled,2015-05-12,8,2015-08-01,3,2.0,0,1,0,59.03,31-90 days,2-3 nights,couple
844,Resort Hotel,1,84,2015,August,31,1,2,1,2,0.0,0,HB,PRT,Offline TA/TO,TA/TO,0,0,0,A,A,0,No Deposit,175.0,0.0,0,Transient-Party,118.06,0,0,Canceled,2015-05-12,8,2015-08-01,3,2.0,0,1,0,59.03,31-90 days,2-3 nights,couple
845,Resort Hotel,1,89,2015,August,31,1,0,1,2,0.0,0,BB,PRT,Direct,Direct,0,0,0,D,D,0,No Deposit,0.0,0.0,0,Transient,154.0,0,0,Canceled,2015-05-04,8,2015-08-01,1,2.0,0,0,0,77.0,31-90 days,0-1 nights,couple
846,Resort Hotel,1,10,2015,August,31,1,0,1,2,0.0,0,BB,PRT,Direct,Direct,0,0,0,F,F,0,No Deposit,0.0,0.0,0,Transient-Party,202.0,0,0,Canceled,2015-07-29,8,2015-08-01,1,2.0,0,0,0,101.0,8-30 days,0-1 nights,couple
847,Resort Hotel,1,80,2015,August,31,1,0,1,2,0.0,0,BB,PRT,Online TA,TA/TO,0,0,0,A,A,1,No Deposit,240.0,0.0,0,Transient,134.0,0,2,Canceled,2015-07-16,8,2015-08-01,1,2.0,0,1,0,67.0,31-90 days,0-1 nights,couple
848,Resort Hotel,1,10,2015,August,31,1,0,1,2,0.0,0,BB,PRT,Direct,Direct,0,0,0,F,F,0,No Deposit,0.0,0.0,0,Transient-Party,202.0,0,0,Canceled,2015-07-29,8,2015-08-01,1,2.0,0,0,0,101.0,8-30 days,0-1 nights,couple
849,Resort Hotel,1,10,2015,August,31,1,0,1,2,0.0,0,BB,PRT,Direct,Direct,0,0,0,G,G,1,No Deposit,0.0,0.0,0,Transient-Party,252.0,0,0,Canceled,2015-07-29,8,2015-08-01,1,2.0,0,0,0,126.0,8-30 days,0-1 nights,couple
850,Resort Hotel,1,24,2015,August,31,1,0,1,2,2.0,0,BB,PRT,Online TA,TA/TO,0,0,0,G,G,1,No Deposit,240.0,0.0,0,Transient,233.0,0,1,Canceled,2015-07-16,8,2015-08-01,1,4.0,1,1,0,58.25,8-30 days,0-1 nights,family
851,Resort Hotel,0,1,2015,August,31,1,0,1,2,0.0,0,BB,PRT,Online TA,TA/TO,0,0,0,D,D,0,No Deposit,0.0,0.0,0,Transient,211.0,0,2,Check-Out,2015-08-02,8,2015-08-01,1,2.0,0,0,0,105.5,0-7 days,0-1 nights,couple
852,Resort Hotel,1,9,2015,August,31,1,0,1,2,0.0,0,BB,PRT,Online TA,TA/TO,0,0,0,D,D,1,No Deposit,240.0,0.0,0,Transient,211.0,0,2,Canceled,2015-07-31,8,2015-08-01,1,2.0,0,1,0,105.5,8-30 days,0-1 nights,couple
853,Resort Hotel,1,3,2015,August,31,1,2,3,2,2.0,0,HB,PRT,Direct,Direct,0,0,0,C,C,1,No Deposit,250.0,0.0,0,Transient,237.0,0,1,Canceled,2015-07-29,8,2015-08-01,5,4.0,1,1,0,59.25,0-7 days,4-7 nights,family
854,Resort Hotel,0,3,2015,August,31,1,2,5,2,0.0,0,BB,ESP,Online TA,TA/TO,0,0,0,A,A,0,No Deposit,240.0,0.0,0,Transient,188.29,0,2,Check-Out,2015-08-08,8,2015-08-01,7,2.0,0,1,0,94.145,0-7 days,4-7 nights,couple
855,Resort Hotel,1,124,2015,August,31,1,2,4,2,0.0,0,BB,PRT,Online TA,TA/TO,0,0,0,A,A,0,No Deposit,240.0,0.0,0,Transient,120.6,0,1,Canceled,2015-06-06,8,2015-08-01,6,2.0,0,1,0,60.3,91-180 days,4-7 nights,couple
856,Resort Hotel,1,74,2015,August,31,1,2,5,2,2.0,0,BB,PRT,Direct,Direct,0,0,0,C,C,0,No Deposit,250.0,0.0,0,Transient,177.14,0,0,Canceled,2015-07-15,8,2015-08-01,7,4.0,1,1,0,44.285,31-90 days,4-7 nights,family
857,Resort Hotel,1,82,2015,August,31,1,2,5,2,2.0,0,BB,PRT,Online TA,TA/TO,0,0,0,G,G,0,No Deposit,240.0,0.0,0,Transient,222.14,0,0,Canceled,2015-06-11,8,2015-08-01,7,4.0,1,1,0,55.535,31-90 days,4-7 nights,family
858,Resort Hotel,1,91,2015,August,31,1,2,5,2,0.0,0,HB,PRT,Online TA,TA/TO,0,0,0,A,A,1,No Deposit,241.0,0.0,0,Transient,127.82,0,2,Canceled,2015-05-22,8,2015-08-01,7,2.0,0,1,0,63.91,91-180 days,4-7 nights,couple
859,Resort Hotel,1,77,2015,August,31,1,2,5,2,0.0,0,HB,PRT,Online TA,TA/TO,0,0,0,D,D,0,No Deposit,240.0,0.0,0,Transient,194.14,0,0,Canceled,2015-05-19,8,2015-08-01,7,2.0,0,1,0,97.07,31-90 days,4-7 nights,couple
860,Resort Hotel,1,130,2015,August,31,1,2,5,2,0.0,0,BB,PRT,Online TA,TA/TO,0,0,0,A,A,0,No Deposit,240.0,0.0,0,Transient,120.6,0,2,Canceled,2015-05-19,8,2015-08-01,7,2.0,0,1,0,60.3,91-180 days,4-7 nights,couple
861,Resort Hotel,1,91,2015,August,31,1,2,5,2,1.0,0,HB,PRT,Online TA,TA/TO,0,0,0,A,A,1,No Deposit,241.0,0.0,0,Transient,144.53,0,3,Canceled,2015-06-06,8,2015-08-01,7,3.0,1,1,0,48.17666666666667,91-180 days,4-7 nights,family
862,Resort Hotel,0,79,2015,August,31,1,2,5,3,0.0,0,HB,PRT,Direct,Direct,0,0,0,E,E,1,No Deposit,0.0,0.0,0,Transient,185.0,1,4,Check-Out,2015-08-08,8,2015-08-01,7,3.0,0,0,0,61.666666666666664,31-90 days,4-7 nights,group
863,Resort Hotel,1,130,2015,August,31,1,2,6,2,0.0,0,BB,PRT,Offline TA/TO,TA/TO,0,0,0,A,A,0,No Deposit,149.0,0.0,0,Transient,96.3,0,0,Canceled,2015-05-22,8,2015-08-01,8,2.0,0,1,0,48.15,91-180 days,8-14 nights,couple
864,Resort Hotel,0,66,2015,August,31,1,2,6,2,0.0,0,HB,PRT,Online TA,TA/TO,0,0,0,D,D,2,No Deposit,240.0,0.0,0,Transient,193.13,0,0,Check-Out,2015-08-09,8,2015-08-01,8,2.0,0,1,0,96.565,31-90 days,8-14 nights,couple
865,Resort Hotel,1,53,2015,August,31,1,3,6,2,0.0,0,HB,PRT,Online TA,TA/TO,0,0,0,E,E,0,No Deposit,240.0,0.0,0,Transient,210.78,0,0,Canceled,2015-06-16,8,2015-08-01,9,2.0,0,1,0,105.39,31-90 days,8-14 nights,couple
866,Resort Hotel,1,80,2015,August,31,1,4,6,2,2.0,0,BB,PRT,Online TA,TA/TO,0,0,0,C,C,0,No Deposit,242.0,0.0,0,Transient,169.0,0,1,Canceled,2015-07-21,8,2015-08-01,10,4.0,1,1,0,42.25,31-90 days,8-14 nights,family
867,Resort Hotel,1,77,2015,August,31,1,4,6,2,1.0,0,BB,PRT,Online TA,TA/TO,0,0,0,D,D,0,No Deposit,240.0,0.0,0,Transient,174.7,0,3,Canceled,2015-07-22,8,2015-08-01,10,3.0,1,1,0,58.23333333333333,31-90 days,8-14 nights,family
868,Resort Hotel,1,57,2015,August,31,1,4,10,2,2.0,0,BB,PRT,Online TA,TA/TO,0,0,0,C,C,1,No Deposit,241.0,0.0,0,Transient,135.53,0,0,Canceled,2015-07-07,8,2015-08-01,14,4.0,1,1,0,33.8825,31-90 days,8-14 nights,family
869,Resort Hotel,0,11,2015,August,31,1,4,10,1,0.0,0,BB,PRT,Offline TA/TO,TA/TO,0,0,0,A,A,0,No Deposit,104.0,0.0,0,Transient,172.0,0,0,Check-Out,2015-08-15,8,2015-08-01,14,1.0,0,1,0,172.0,8-30 days,8-14 nights,solo
870,Resort Hotel,1,25,2015,August,32,2,1,0,2,0.0,0,BB,PRT,Online TA,TA/TO,0,0,0,A,A,0,No Deposit,240.0,0.0,0,Transient,144.0,0,2,Canceled,2015-07-08,8,2015-08-02,1,2.0,0,1,0,72.0,8-30 days,0-1 nights,couple
871,Resort Hotel,1,2,2015,August,32,2,2,0,2,0.0,0,BB,PRT,Online TA,TA/TO,0,0,0,A,C,0,No Deposit,240.0,0.0,0,Transient,162.5,0,1,Canceled,2015-08-01,8,2015-08-02,2,2.0,0,1,0,81.25,0-7 days,2-3 nights,couple
872,Resort Hotel,1,36,2015,August,32,2,2,3,2,0.0,0,BB,PRT,Online TA,TA/TO,0,0,0,E,E,0,No Deposit,240.0,0.0,0,Transient,209.6,0,2,Canceled,2015-06-29,8,2015-08-02,5,2.0,0,1,0,104.8,31-90 days,4-7 nights,couple
873,Resort Hotel,1,36,2015,August,32,2,2,3,2,0.0,0,BB,PRT,Online TA,TA/TO,0,0,0,E,E,0,No Deposit,240.0,0.0,0,Transient,209.6,0,2,Canceled,2015-06-29,8,2015-08-02,5,2.0,0,1,0,104.8,31-90 days,4-7 nights,couple
874,Resort Hotel,0,115,2015,August,32,2,2,5,3,0.0,0,HB,PRT,Offline TA/TO,TA/TO,0,0,0,E,E,0,No Deposit,5.0,0.0,0,Transient,195.5,1,1,Check-Out,2015-08-09,8,2015-08-02,7,3.0,0,1,0,65.16666666666667,91-180 days,4-7 nights,group
875,Resort Hotel,0,95,2015,August,32,2,2,4,2,1.0,0,HB,PRT,Direct,Direct,0,0,0,A,A,4,No Deposit,0.0,0.0,0,Transient,186.0,1,4,Check-Out,2015-08-08,8,2015-08-02,6,3.0,1,0,0,62.0,91-180 days,4-7 nights,family
876,Resort Hotel,0,67,2015,August,32,2,2,4,2,0.0,0,BB,PRT,Direct,Direct,0,0,0,D,D,0,No Deposit,0.0,0.0,0,Transient,163.5,0,1,Check-Out,2015-08-08,8,2015-08-02,6,2.0,0,0,0,81.75,31-90 days,4-7 nights,couple
877,Resort Hotel,0,60,2015,August,32,2,2,5,2,0.0,0,HB,PRT,Direct,Direct,0,0,0,A,A,0,No Deposit,0.0,0.0,0,Transient,180.28,0,0,Check-Out,2015-08-09,8,2015-08-02,7,2.0,0,0,0,90.14,31-90 days,4-7 nights,couple
878,Resort Hotel,0,34,2015,August,32,2,2,5,2,0.0,0,BB,ESP,Direct,Direct,0,0,0,C,C,3,No Deposit,250.0,0.0,0,Transient,174.76,1,1,Check-Out,2015-08-09,8,2015-08-02,7,2.0,0,1,0,87.38,31-90 days,4-7 nights,couple
879,Resort Hotel,0,78,2015,August,32,2,4,5,2,0.0,0,BB,IRL,Offline TA/TO,TA/TO,0,0,0,D,D,0,No Deposit,171.0,0.0,0,Transient,116.85,0,0,Check-Out,2015-08-11,8,2015-08-02,9,2.0,0,1,0,58.425,31-90 days,8-14 nights,couple
880,Resort Hotel,0,93,2015,August,32,2,2,5,2,0.0,0,FB,PRT,Offline TA/TO,TA/TO,0,0,0,A,A,0,No Deposit,175.0,0.0,0,Transient,159.0,0,0,Check-Out,2015-08-09,8,2015-08-02,7,2.0,0,1,0,79.5,91-180 days,4-7 nights,couple
881,Resort Hotel,1,327,2015,August,32,2,4,10,2,0.0,0,BB,PRT,Offline TA/TO,TA/TO,0,0,0,D,D,0,No Deposit,40.0,0.0,0,Contract,104.55,0,0,Canceled,2015-04-23,8,2015-08-02,14,2.0,0,1,0,52.275,181+ days,8-14 nights,couple
882,Resort Hotel,0,21,2015,August,32,3,0,0,2,2.0,0,BB,PRT,Direct,Direct,0,0,0,C,F,0,No Deposit,250.0,0.0,0,Transient,0.0,0,0,Check-Out,2015-08-03,8,2015-08-03,0,4.0,1,1,0,0.0,8-30 days,0-1 nights,family
883,Resort Hotel,0,0,2015,August,32,3,1,0,2,0.0,0,BB,PRT,Online TA,TA/TO,0,0,0,C,C,0,No Deposit,241.0,0.0,0,Transient,144.76,0,0,Check-Out,2015-08-04,8,2015-08-03,1,2.0,0,1,0,72.38,0-7 days,0-1 nights,couple
884,Resort Hotel,1,47,2015,August,32,3,1,1,2,0.0,0,HB,PRT,Online TA,TA/TO,0,0,0,D,D,0,No Deposit,240.0,0.0,0,Transient,205.0,0,0,Canceled,2015-06-17,8,2015-08-03,2,2.0,0,1,0,102.5,31-90 days,2-3 nights,couple
885,Resort Hotel,1,81,2015,August,32,3,1,3,2,0.0,0,BB,PRT,Offline TA/TO,TA/TO,0,0,0,D,D,0,No Deposit,8.0,0.0,0,Contract,123.0,0,0,Canceled,2015-07-18,8,2015-08-03,4,2.0,0,1,0,61.5,31-90 days,4-7 nights,couple
886,Resort Hotel,1,52,2015,August,32,3,1,4,2,0.0,0,BB,PRT,Online TA,TA/TO,0,0,0,D,D,0,No Deposit,240.0,0.0,0,Transient,173.0,0,0,Canceled,2015-07-13,8,2015-08-03,5,2.0,0,1,0,86.5,31-90 days,4-7 nights,couple
887,Resort Hotel,1,13,2015,August,32,3,1,4,2,2.0,0,BB,PRT,Offline TA/TO,TA/TO,0,0,0,C,C,1,No Deposit,142.0,0.0,0,Contract,220.55,0,0,Canceled,2015-07-24,8,2015-08-03,5,4.0,1,1,0,55.1375,8-30 days,4-7 nights,family
888,Resort Hotel,0,83,2015,August,32,3,2,5,2,0.0,0,BB,IRL,Online TA,TA/TO,0,0,0,D,D,0,No Deposit,240.0,0.0,0,Transient,162.14,0,1,Check-Out,2015-08-10,8,2015-08-03,7,2.0,0,1,0,81.07,31-90 days,4-7 nights,couple
889,Resort Hotel,1,131,2015,August,32,3,2,5,2,0.0,1,HB,PRT,Offline TA/TO,TA/TO,0,0,0,A,A,1,No Deposit,177.0,0.0,0,Transient,119.7,0,1,Canceled,2015-03-28,8,2015-08-03,7,3.0,1,1,0,39.9,91-180 days,4-7 nights,family
890,Resort Hotel,0,460,2015,August,32,3,2,5,1,0.0,0,HB,GBR,Offline TA/TO,TA/TO,0,0,0,E,E,0,No Deposit,40.0,0.0,0,Contract,77.54,0,0,Check-Out,2015-08-10,8,2015-08-03,7,1.0,0,1,0,77.54,181+ days,4-7 nights,solo
891,Resort Hotel,1,82,2015,August,32,3,2,5,2,0.0,0,BB,PRT,Online TA,TA/TO,0,0,0,A,A,0,No Deposit,240.0,0.0,0,Transient,120.6,0,0,Canceled,2015-07-06,8,2015-08-03,7,2.0,0,1,0,60.3,31-90 days,4-7 nights,couple
892,Resort Hotel,1,61,2015,August,32,3,2,5,2,0.0,0,BB,PRT,Online TA,TA/TO,0,0,0,A,A,0,No Deposit,240.0,0.0,0,Transient,153.0,0,0,Canceled,2015-07-23,8,2015-08-03,7,2.0,0,1,0,76.5,31-90 days,4-7 nights,couple
893,Resort Hotel,0,94,2015,August,32,4,0,0,2,0.0,0,BB,PRT,Online TA,TA/TO,0,0,0,A,F,0,No Deposit,240.0,0.0,0,Transient,0.0,0,1,Check-Out,2015-08-04,8,2015-08-04,0,2.0,0,1,0,0.0,91-180 days,0-1 nights,couple
894,Resort Hotel,0,1,2015,August,32,4,0,0,2,0.0,0,BB,PRT,Online TA,TA/TO,0,0,0,D,F,0,No Deposit,240.0,0.0,0,Transient,0.0,0,2,Check-Out,2015-08-04,8,2015-08-04,0,2.0,0,1,0,0.0,0-7 days,0-1 nights,couple
895,Resort Hotel,0,0,2015,August,32,4,0,1,2,0.0,0,BB,PRT,Direct,Direct,0,0,0,A,C,0,No Deposit,250.0,0.0,0,Transient,172.0,0,0,Check-Out,2015-08-05,8,2015-08-04,1,2.0,0,1,0,86.0,0-7 days,0-1 nights,couple
896,Resort Hotel,1,36,2015,August,32,4,0,3,1,0.0,0,BB,PRT,Direct,Direct,0,0,0,F,F,0,No Deposit,250.0,0.0,0,Transient,221.0,0,0,Canceled,2015-07-29,8,2015-08-04,3,1.0,0,1,0,221.0,31-90 days,2-3 nights,solo
897,Resort Hotel,1,61,2015,August,32,4,0,3,2,0.0,0,BB,PRT,Online TA,TA/TO,0,0,0,A,A,0,No Deposit,240.0,0.0,0,Transient,153.0,0,0,Canceled,2015-07-06,8,2015-08-04,3,2.0,0,1,0,76.5,31-90 days,2-3 nights,couple
898,Resort Hotel,0,13,2015,August,32,4,0,4,2,0.0,1,HB,PRT,Direct,Direct,0,0,0,C,C,1,No Deposit,0.0,0.0,0,Transient-Party,230.5,0,2,Check-Out,2015-08-08,8,2015-08-04,4,3.0,1,0,0,76.83333333333333,8-30 days,4-7 nights,family
899,Resort Hotel,0,13,2015,August,32,4,0,4,2,0.0,0,HB,PRT,Direct,Direct,0,0,0,C,C,1,No Deposit,0.0,0.0,0,Transient-Party,230.5,1,2,Check-Out,2015-08-08,8,2015-08-04,4,2.0,0,0,0,115.25,8-30 days,4-7 nights,couple
900,Resort Hotel,1,15,2015,August,32,4,0,4,2,0.0,0,BB,PRT,Online TA,TA/TO,0,0,0,D,D,0,No Deposit,240.0,0.0,0,Transient,211.0,0,1,Canceled,2015-07-21,8,2015-08-04,4,2.0,0,1,0,105.5,8-30 days,4-7 nights,couple
901,Resort Hotel,0,14,2015,August,32,4,0,5,2,0.0,0,HB,ESP,Online TA,TA/TO,0,0,0,D,D,1,No Deposit,240.0,0.0,0,Transient,241.0,0,2,Check-Out,2015-08-09,8,2015-08-04,5,2.0,0,1,0,120.5,8-30 days,4-7 nights,couple
902,Resort Hotel,1,13,2015,August,32,4,1,5,2,0.0,0,BB,PRT,Online TA,TA/TO,0,0,0,D,D,0,No Deposit,240.0,0.0,0,Transient,211.0,0,1,Canceled,2015-07-25,8,2015-08-04,6,2.0,0,1,0,105.5,8-30 days,4-7 nights,couple
903,Resort Hotel,0,140,2015,August,32,4,2,5,2,0.0,0,BB,ESP,Offline TA/TO,TA/TO,0,0,0,A,D,0,No Deposit,6.0,0.0,0,Transient-Party,90.95,1,0,Check-Out,2015-08-11,8,2015-08-04,7,2.0,0,1,0,45.475,91-180 days,4-7 nights,couple
904,Resort Hotel,0,6,2015,August,32,4,2,5,2,0.0,0,BB,ESP,Online TA,TA/TO,0,0,0,A,A,0,No Deposit,240.0,0.0,0,Transient,188.29,0,2,Check-Out,2015-08-11,8,2015-08-04,7,2.0,0,1,0,94.145,0-7 days,4-7 nights,couple
905,Resort Hotel,0,140,2015,August,32,4,2,5,2,0.0,0,BB,PRT,Offline TA/TO,TA/TO,0,0,0,A,D,0,No Deposit,6.0,0.0,0,Transient-Party,90.95,0,0,Check-Out,2015-08-11,8,2015-08-04,7,2.0,0,1,0,45.475,91-180 days,4-7 nights,couple
906,Resort Hotel,0,81,2015,August,32,4,2,8,2,0.0,0,HB,RUS,Direct,Direct,0,0,0,D,D,1,No Deposit,250.0,0.0,0,Transient,187.8,0,1,Check-Out,2015-08-14,8,2015-08-04,10,2.0,0,1,0,93.9,31-90 days,8-14 nights,couple
907,Resort Hotel,0,1,2015,August,32,5,0,0,3,0.0,0,BB,PRT,Online TA,TA/TO,0,0,0,D,I,0,No Deposit,240.0,0.0,0,Transient,0.0,0,2,Check-Out,2015-08-05,8,2015-08-05,0,3.0,0,1,0,0.0,0-7 days,0-1 nights,group
908,Resort Hotel,0,65,2015,August,32,5,0,0,2,0.0,0,HB,PRT,Offline TA/TO,TA/TO,0,0,0,D,I,0,No Deposit,261.0,0.0,0,Transient,0.0,0,0,Check-Out,2015-08-05,8,2015-08-05,0,2.0,0,1,0,0.0,31-90 days,0-1 nights,couple
909,Resort Hotel,1,0,2015,August,32,5,0,1,2,0.0,0,BB,PRT,Direct,Direct,0,0,0,D,F,0,No Deposit,0.0,0.0,0,Transient,172.0,0,1,Canceled,2015-08-05,8,2015-08-05,1,2.0,0,0,0,86.0,0-7 days,0-1 nights,couple
910,Resort Hotel,0,2,2015,August,32,5,0,1,2,0.0,0,BB,ESP,Online TA,TA/TO,0,0,0,A,D,0,No Deposit,240.0,0.0,0,Transient,171.9,0,0,Check-Out,2015-08-06,8,2015-08-05,1,2.0,0,1,0,85.95,0-7 days,0-1 nights,couple
911,Resort Hotel,0,0,2015,August,32,5,0,1,2,0.0,0,BB,PRT,Direct,Direct,0,0,0,L,F,0,No Deposit,0.0,0.0,0,Transient,200.0,0,0,Check-Out,2015-08-06,8,2015-08-05,1,2.0,0,0,0,100.0,0-7 days,0-1 nights,couple
912,Resort Hotel,1,114,2015,August,32,5,0,3,2,0.0,0,HB,PRT,Online TA,TA/TO,0,0,0,A,A,0,No Deposit,240.0,0.0,0,Transient,149.4,0,0,Canceled,2015-07-04,8,2015-08-05,3,2.0,0,1,0,74.7,91-180 days,2-3 nights,couple
913,Resort Hotel,1,111,2015,August,32,5,0,4,2,0.0,0,BB,PRT,Online TA,TA/TO,0,0,0,D,D,1,No Deposit,240.0,0.0,0,Transient,154.0,0,1,Canceled,2015-06-15,8,2015-08-05,4,2.0,0,1,0,77.0,91-180 days,4-7 nights,couple
914,Resort Hotel,0,44,2015,August,32,5,0,4,2,0.0,0,BB,ESP,Online TA,TA/TO,0,0,0,A,A,0,No Deposit,240.0,0.0,0,Transient,148.25,1,0,Check-Out,2015-08-09,8,2015-08-05,4,2.0,0,1,0,74.125,31-90 days,4-7 nights,couple
915,Resort Hotel,0,139,2015,August,32,5,0,4,2,0.0,0,BB,PRT,Online TA,TA/TO,0,0,0,A,A,0,No Deposit,240.0,0.0,0,Transient,172.0,0,1,Check-Out,2015-08-09,8,2015-08-05,4,2.0,0,1,0,86.0,91-180 days,4-7 nights,couple
916,Resort Hotel,1,57,2015,August,32,5,1,4,2,0.0,0,BB,PRT,Online TA,TA/TO,0,0,0,E,E,0,No Deposit,240.0,0.0,0,Transient,183.0,0,0,Canceled,2015-07-23,8,2015-08-05,5,2.0,0,1,0,91.5,31-90 days,4-7 nights,couple
917,Resort Hotel,1,16,2015,August,32,5,1,4,2,0.0,0,HB,PRT,Online TA,TA/TO,0,0,0,D,D,0,No Deposit,240.0,0.0,0,Transient,242.6,0,1,Canceled,2015-07-22,8,2015-08-05,5,2.0,0,1,0,121.3,8-30 days,4-7 nights,couple
918,Resort Hotel,0,139,2015,August,32,5,0,4,3,0.0,0,BB,PRT,Online TA,TA/TO,0,0,0,A,A,1,No Deposit,240.0,0.0,0,Transient,172.0,0,2,Check-Out,2015-08-09,8,2015-08-05,4,3.0,0,1,0,57.333333333333336,91-180 days,4-7 nights,group
919,Resort Hotel,0,84,2015,August,32,5,2,5,2,0.0,1,HB,PRT,Online TA,TA/TO,0,0,0,A,A,1,No Deposit,240.0,0.0,0,Transient,168.71,0,3,Check-Out,2015-08-12,8,2015-08-05,7,3.0,1,1,0,56.23666666666667,31-90 days,4-7 nights,family
920,Resort Hotel,1,117,2015,August,32,5,2,6,2,0.0,0,HB,PRT,Online TA,TA/TO,0,0,0,A,A,0,No Deposit,240.0,0.0,0,Transient,166.0,0,0,Canceled,2015-04-22,8,2015-08-05,8,2.0,0,1,0,83.0,91-180 days,8-14 nights,couple
921,Resort Hotel,1,69,2015,August,32,6,0,1,1,0.0,0,BB,PRT,Direct,Direct,0,0,0,A,A,1,No Deposit,146.0,0.0,0,Transient,112.0,0,0,Canceled,2015-06-05,8,2015-08-06,1,1.0,0,1,0,112.0,31-90 days,0-1 nights,solo
922,Resort Hotel,0,2,2015,August,32,6,0,1,2,0.0,0,BB,FRA,Online TA,TA/TO,0,0,0,A,A,0,No Deposit,240.0,0.0,0,Transient,172.0,0,0,Check-Out,2015-08-07,8,2015-08-06,1,2.0,0,1,0,86.0,0-7 days,0-1 nights,couple
923,Resort Hotel,1,118,2015,August,32,6,0,3,2,0.0,0,BB,PRT,Online TA,TA/TO,0,0,0,A,A,0,No Deposit,240.0,0.0,0,Transient,120.6,0,0,Canceled,2015-05-20,8,2015-08-06,3,2.0,0,1,0,60.3,91-180 days,2-3 nights,couple
924,Resort Hotel,0,129,2015,August,32,6,0,3,2,0.0,0,BB,PRT,Direct,Direct,0,0,0,E,F,0,No Deposit,0.0,0.0,0,Transient-Party,126.0,0,1,Check-Out,2015-08-09,8,2015-08-06,3,2.0,0,0,0,63.0,91-180 days,2-3 nights,couple
925,Resort Hotel,0,9,2015,August,32,6,0,3,2,2.0,0,HB,ESP,Online TA,TA/TO,0,0,0,G,C,2,No Deposit,240.0,0.0,0,Transient,268.0,1,1,Check-Out,2015-08-09,8,2015-08-06,3,4.0,1,1,0,67.0,8-30 days,2-3 nights,family
926,Resort Hotel,0,52,2015,August,32,6,1,3,2,0.0,0,BB,PRT,Direct,Direct,0,0,0,E,E,1,No Deposit,250.0,0.0,0,Transient,173.0,0,0,Check-Out,2015-08-10,8,2015-08-06,4,2.0,0,1,0,86.5,31-90 days,4-7 nights,couple
927,Resort Hotel,0,65,2015,August,32,6,2,3,2,0.0,0,HB,GBR,Offline TA/TO,TA/TO,0,0,0,D,D,1,No Deposit,142.0,0.0,0,Transient,149.2,0,0,Check-Out,2015-08-11,8,2015-08-06,5,2.0,0,1,0,74.6,31-90 days,4-7 nights,couple
928,Resort Hotel,0,7,2015,August,32,6,2,3,2,0.0,0,HB,PRT,Online TA,TA/TO,0,0,0,A,A,1,No Deposit,240.0,0.0,0,Transient,217.2,1,4,Check-Out,2015-08-11,8,2015-08-06,5,2.0,0,1,0,108.6,0-7 days,4-7 nights,couple
929,Resort Hotel,1,28,2015,August,32,6,1,3,3,0.0,0,BB,PRT,Online TA,TA/TO,0,0,0,D,D,0,No Deposit,242.0,0.0,0,Transient,239.3,0,1,Canceled,2015-07-21,8,2015-08-06,4,3.0,0,1,0,79.76666666666667,8-30 days,4-7 nights,group
930,Resort Hotel,0,3,2015,August,32,6,2,4,2,0.0,0,BB,ROU,Online TA,TA/TO,0,0,0,A,A,0,No Deposit,240.0,0.0,0,Transient,181.5,0,3,Check-Out,2015-08-12,8,2015-08-06,6,2.0,0,1,0,90.75,0-7 days,4-7 nights,couple
931,Resort Hotel,0,87,2015,August,32,6,2,6,2,0.0,0,BB,RUS,Online TA,TA/TO,0,0,0,D,D,2,No Deposit,240.0,0.0,0,Transient,154.0,0,2,Check-Out,2015-08-14,8,2015-08-06,8,2.0,0,1,0,77.0,31-90 days,8-14 nights,couple
932,Resort Hotel,0,51,2015,August,32,6,2,6,2,0.0,0,BB,ESP,Online TA,TA/TO,0,0,0,D,D,0,No Deposit,240.0,0.0,0,Transient,173.0,0,0,Check-Out,2015-08-14,8,2015-08-06,8,2.0,0,1,0,86.5,31-90 days,8-14 nights,couple
933,Resort Hotel,0,136,2015,August,32,6,2,8,3,1.0,0,BB,IRL,Direct,Direct,0,0,0,G,G,1,No Deposit,250.0,0.0,0,Transient,181.9,0,3,Check-Out,2015-08-16,8,2015-08-06,10,4.0,1,1,0,45.475,91-180 days,8-14 nights,family
934,Resort Hotel,0,4,2015,August,32,7,0,0,2,0.0,0,BB,PRT,Online TA,TA/TO,0,0,0,E,I,0,No Deposit,240.0,0.0,0,Transient,0.0,0,2,Check-Out,2015-08-07,8,2015-08-07,0,2.0,0,1,0,0.0,0-7 days,0-1 nights,couple
935,Resort Hotel,0,1,2015,August,32,7,0,1,2,0.0,0,BB,PRT,Corporate,Corporate,0,0,0,A,F,0,No Deposit,0.0,144.0,0,Transient,114.0,0,0,Check-Out,2015-08-08,8,2015-08-07,1,2.0,0,0,1,57.0,0-7 days,0-1 nights,couple
936,Resort Hotel,1,49,2015,August,32,7,0,2,2,2.0,0,BB,PRT,Online TA,TA/TO,0,0,0,H,H,0,No Deposit,240.0,0.0,0,Transient,267.0,0,0,Canceled,2015-06-22,8,2015-08-07,2,4.0,1,1,0,66.75,31-90 days,2-3 nights,family
937,Resort Hotel,0,4,2015,August,32,7,0,2,2,1.0,0,BB,IND,Online TA,TA/TO,0,0,0,D,D,1,No Deposit,240.0,0.0,0,Transient,226.0,0,4,Check-Out,2015-08-09,8,2015-08-07,2,3.0,1,1,0,75.33333333333333,0-7 days,2-3 nights,family
938,Resort Hotel,1,45,2015,August,32,7,0,2,2,0.0,0,BB,PRT,Online TA,TA/TO,0,0,0,D,D,0,No Deposit,240.0,0.0,0,Transient,173.0,0,0,Canceled,2015-07-27,8,2015-08-07,2,2.0,0,1,0,86.5,31-90 days,2-3 nights,couple
939,Resort Hotel,0,6,2015,August,32,7,0,2,2,0.0,0,BB,PRT,Online TA,TA/TO,0,0,0,D,F,0,No Deposit,240.0,0.0,0,Transient,211.0,0,1,Check-Out,2015-08-09,8,2015-08-07,2,2.0,0,1,0,105.5,0-7 days,2-3 nights,couple
940,Resort Hotel,0,4,2015,August,32,7,0,2,2,0.0,0,BB,GBR,Online TA,TA/TO,0,0,0,A,H,0,No Deposit,240.0,0.0,0,Transient,191.0,0,3,Check-Out,2015-08-09,8,2015-08-07,2,2.0,0,1,0,95.5,0-7 days,2-3 nights,couple
941,Resort Hotel,1,53,2015,August,32,7,1,2,2,0.0,0,BB,PRT,Online TA,TA/TO,0,0,0,D,D,0,No Deposit,240.0,0.0,0,Transient,173.0,0,0,Canceled,2015-06-22,8,2015-08-07,3,2.0,0,1,0,86.5,31-90 days,2-3 nights,couple
942,Resort Hotel,0,52,2015,August,32,7,1,2,2,0.0,0,BB,PRT,Direct,Direct,0,0,0,E,F,0,No Deposit,250.0,0.0,0,Transient,173.0,0,1,Check-Out,2015-08-10,8,2015-08-07,3,2.0,0,1,0,86.5,31-90 days,2-3 nights,couple
943,Resort Hotel,1,4,2015,August,32,7,2,2,2,2.0,0,BB,PRT,Online TA,TA/TO,0,0,0,G,G,1,No Deposit,240.0,0.0,0,Transient,277.5,0,2,Canceled,2015-08-04,8,2015-08-07,4,4.0,1,1,0,69.375,0-7 days,4-7 nights,family
944,Resort Hotel,0,98,2015,August,32,7,2,2,2,0.0,0,BB,PRT,Online TA,TA/TO,0,0,0,A,D,0,No Deposit,240.0,0.0,0,Transient,134.0,0,2,Check-Out,2015-08-11,8,2015-08-07,4,2.0,0,1,0,67.0,91-180 days,4-7 nights,couple
945,Resort Hotel,1,46,2015,August,32,7,2,2,2,0.0,0,BB,PRT,Online TA,TA/TO,0,0,0,A,A,0,No Deposit,240.0,0.0,0,Transient,153.0,0,0,Canceled,2015-07-14,8,2015-08-07,4,2.0,0,1,0,76.5,31-90 days,4-7 nights,couple
946,Resort Hotel,1,122,2015,August,32,7,2,2,2,0.0,0,HB,PRT,Online TA,TA/TO,0,0,0,D,D,0,No Deposit,240.0,0.0,0,Transient,186.0,0,1,Canceled,2015-04-13,8,2015-08-07,4,2.0,0,1,0,93.0,91-180 days,4-7 nights,couple
947,Resort Hotel,0,83,2015,August,32,7,2,2,2,0.0,0,BB,ESP,Offline TA/TO,TA/TO,0,0,0,A,A,0,No Deposit,175.0,0.0,0,Transient-Party,107.2,0,2,Check-Out,2015-08-11,8,2015-08-07,4,2.0,0,1,0,53.6,31-90 days,4-7 nights,couple
948,Resort Hotel,0,16,2015,August,32,7,2,3,2,0.0,0,BB,IRL,Online TA,TA/TO,0,0,0,E,E,0,No Deposit,240.0,0.0,0,Transient,221.0,0,2,Check-Out,2015-08-12,8,2015-08-07,5,2.0,0,1,0,110.5,8-30 days,4-7 nights,couple
949,Resort Hotel,1,43,2015,August,32,7,2,4,2,0.0,0,HB,PRT,Online TA,TA/TO,0,0,0,A,A,0,No Deposit,240.0,0.0,0,Transient,202.0,0,0,Canceled,2015-06-27,8,2015-08-07,6,2.0,0,1,0,101.0,31-90 days,4-7 nights,couple
950,Resort Hotel,1,73,2015,August,32,7,2,5,2,2.0,0,BB,PRT,Online TA,TA/TO,0,0,0,C,C,0,No Deposit,105.0,0.0,0,Transient,169.0,0,0,Canceled,2015-07-09,8,2015-08-07,7,4.0,1,1,0,42.25,31-90 days,4-7 nights,family
951,Resort Hotel,0,116,2015,August,32,7,2,5,2,1.0,1,BB,PRT,Offline TA/TO,TA/TO,0,0,0,C,C,0,No Deposit,5.0,0.0,0,Transient,133.5,1,2,Check-Out,2015-08-14,8,2015-08-07,7,4.0,1,1,0,33.375,91-180 days,4-7 nights,family
952,Resort Hotel,1,113,2015,August,32,7,2,5,2,0.0,0,HB,PRT,Offline TA/TO,TA/TO,0,0,0,A,A,0,No Deposit,105.0,0.0,0,Transient-Party,154.38,0,1,Canceled,2015-05-14,8,2015-08-07,7,2.0,0,1,0,77.19,91-180 days,4-7 nights,couple
953,Resort Hotel,1,113,2015,August,32,7,2,5,2,0.0,0,HB,PRT,Offline TA/TO,TA/TO,0,0,0,A,A,0,No Deposit,105.0,0.0,0,Transient-Party,154.38,0,1,Canceled,2015-05-14,8,2015-08-07,7,2.0,0,1,0,77.19,91-180 days,4-7 nights,couple
954,Resort Hotel,0,51,2015,August,32,7,2,5,2,0.0,0,HB,PRT,Online TA,TA/TO,0,0,0,D,D,0,No Deposit,240.0,0.0,0,Transient,205.0,0,2,Check-Out,2015-08-14,8,2015-08-07,7,2.0,0,1,0,102.5,31-90 days,4-7 nights,couple
955,Resort Hotel,0,65,2015,August,32,7,2,7,2,0.0,0,BB,NLD,Online TA,TA/TO,0,0,0,A,A,1,No Deposit,240.0,0.0,0,Transient,121.39,1,1,Check-Out,2015-08-16,8,2015-08-07,9,2.0,0,1,0,60.695,31-90 days,8-14 nights,couple
956,Resort Hotel,0,0,2015,August,32,8,0,1,2,0.0,0,BB,CHN,Online TA,TA/TO,0,0,0,A,A,0,No Deposit,240.0,0.0,0,Transient,171.9,1,0,Check-Out,2015-08-09,8,2015-08-08,1,2.0,0,1,0,85.95,0-7 days,0-1 nights,couple
957,Resort Hotel,1,87,2015,August,32,8,0,1,2,0.0,0,BB,PRT,Online TA,TA/TO,0,0,0,E,E,0,No Deposit,240.0,0.0,0,Transient,164.0,0,1,Canceled,2015-07-27,8,2015-08-08,1,2.0,0,1,0,82.0,31-90 days,0-1 nights,couple
958,Resort Hotel,1,106,2015,August,32,8,1,1,2,0.0,0,BB,PRT,Online TA,TA/TO,0,0,0,A,A,0,No Deposit,240.0,0.0,0,Transient,134.0,0,1,Canceled,2015-07-09,8,2015-08-08,2,2.0,0,1,0,67.0,91-180 days,2-3 nights,couple
959,Resort Hotel,0,5,2015,August,32,8,1,1,2,0.0,0,BB,CHE,Online TA,TA/TO,0,0,0,G,H,0,No Deposit,240.0,0.0,0,Transient,250.0,0,1,Check-Out,2015-08-10,8,2015-08-08,2,2.0,0,1,0,125.0,0-7 days,2-3 nights,couple
960,Resort Hotel,0,98,2015,August,32,8,1,1,2,0.0,0,HB,ESP,Online TA,TA/TO,0,0,0,E,F,0,No Deposit,240.0,0.0,0,Transient,208.0,1,1,Check-Out,2015-08-10,8,2015-08-08,2,2.0,0,1,0,104.0,91-180 days,2-3 nights,couple
961,Resort Hotel,1,78,2015,August,32,8,1,1,2,2.0,0,BB,PRT,Direct,Direct,0,0,0,C,C,0,No Deposit,250.0,0.0,0,Transient,181.0,0,0,Canceled,2015-06-12,8,2015-08-08,2,4.0,1,1,0,45.25,31-90 days,2-3 nights,family
962,Resort Hotel,0,4,2015,August,32,8,2,1,2,0.0,0,BB,PRT,Online TA,TA/TO,0,0,0,A,A,0,No Deposit,240.0,0.0,0,Transient,172.0,0,3,Check-Out,2015-08-11,8,2015-08-08,3,2.0,0,1,0,86.0,0-7 days,2-3 nights,couple
963,Resort Hotel,0,5,2015,August,32,8,2,1,2,0.0,0,BB,USA,Online TA,TA/TO,0,0,0,D,D,0,No Deposit,241.0,0.0,0,Transient,157.59,0,1,Check-Out,2015-08-11,8,2015-08-08,3,2.0,0,1,0,78.795,0-7 days,2-3 nights,couple
964,Resort Hotel,0,3,2015,August,32,8,2,2,2,0.0,0,HB,ESP,Online TA,TA/TO,0,0,0,A,D,0,No Deposit,240.0,0.0,0,Transient,211.75,1,3,Check-Out,2015-08-12,8,2015-08-08,4,2.0,0,1,0,105.875,0-7 days,4-7 nights,couple
965,Resort Hotel,0,85,2015,August,32,8,2,2,2,0.0,0,HB,FRA,Online TA,TA/TO,0,0,0,G,G,0,No Deposit,240.0,0.0,0,Transient,246.0,0,1,Check-Out,2015-08-12,8,2015-08-08,4,2.0,0,1,0,123.0,31-90 days,4-7 nights,couple
966,Resort Hotel,1,137,2015,August,32,8,2,2,2,0.0,0,BB,PRT,Online TA,TA/TO,0,0,0,A,A,0,No Deposit,240.0,0.0,0,Transient,108.54,0,1,Canceled,2015-04-06,8,2015-08-08,4,2.0,0,1,0,54.27,91-180 days,4-7 nights,couple
967,Resort Hotel,1,67,2015,August,32,8,2,4,2,0.0,0,HB,PRT,Online TA,TA/TO,0,0,0,D,D,0,No Deposit,240.0,0.0,0,Transient,186.0,0,0,Canceled,2015-06-17,8,2015-08-08,6,2.0,0,1,0,93.0,31-90 days,4-7 nights,couple
968,Resort Hotel,1,54,2015,August,32,8,2,5,2,0.0,0,HB,PRT,Online TA,TA/TO,0,0,0,D,D,0,No Deposit,240.0,0.0,0,Transient,205.0,0,1,Canceled,2015-06-22,8,2015-08-08,7,2.0,0,1,0,102.5,31-90 days,4-7 nights,couple
969,Resort Hotel,1,87,2015,August,32,8,2,5,2,0.0,0,BB,PRT,Online TA,TA/TO,0,0,0,D,D,0,No Deposit,240.0,0.0,0,Transient,154.0,0,1,Canceled,2015-05-19,8,2015-08-08,7,2.0,0,1,0,77.0,31-90 days,4-7 nights,couple
970,Resort Hotel,1,54,2015,August,32,8,2,5,2,0.0,0,HB,PRT,Direct,Direct,0,0,0,A,A,0,No Deposit,250.0,0.0,0,Transient,200.71,0,0,No-Show,2015-08-08,8,2015-08-08,7,2.0,0,1,0,100.355,31-90 days,4-7 nights,couple
971,Resort Hotel,0,12,2015,August,32,8,2,5,2,2.0,0,BB,PRT,Offline TA/TO,TA/TO,0,0,0,G,G,0,No Deposit,0.0,0.0,0,Transient,252.0,1,1,Check-Out,2015-08-15,8,2015-08-08,7,4.0,1,0,0,63.0,8-30 days,4-7 nights,family
972,Resort Hotel,1,60,2015,August,32,8,2,5,2,2.0,0,BB,PRT,Offline TA/TO,TA/TO,0,0,0,C,C,0,No Deposit,196.0,0.0,0,Transient,135.2,0,0,Canceled,2015-07-27,8,2015-08-08,7,4.0,1,1,0,33.8,31-90 days,4-7 nights,family
973,Resort Hotel,0,75,2015,August,32,8,2,5,2,2.0,0,FB,PRT,Direct,Direct,0,0,0,C,C,0,No Deposit,250.0,0.0,0,Transient,276.43,1,3,Check-Out,2015-08-15,8,2015-08-08,7,4.0,1,1,0,69.1075,31-90 days,4-7 nights,family
974,Resort Hotel,1,54,2015,August,32,8,2,5,2,0.0,0,HB,PRT,Direct,Direct,0,0,0,F,F,0,No Deposit,250.0,0.0,0,Transient,228.0,0,0,Canceled,2015-08-08,8,2015-08-08,7,2.0,0,1,0,114.0,31-90 days,4-7 nights,couple
975,Resort Hotel,0,126,2015,August,32,8,2,5,2,0.0,1,HB,PRT,Offline TA/TO,TA/TO,0,0,0,A,A,0,No Deposit,261.0,0.0,0,Transient,133.0,1,2,Check-Out,2015-08-15,8,2015-08-08,7,3.0,1,1,0,44.333333333333336,91-180 days,4-7 nights,family
976,Resort Hotel,1,54,2015,August,32,8,2,5,2,0.0,0,HB,PRT,Online TA,TA/TO,0,0,0,D,D,0,No Deposit,240.0,0.0,0,Transient,205.0,0,1,Canceled,2015-06-22,8,2015-08-08,7,2.0,0,1,0,102.5,31-90 days,4-7 nights,couple
977,Resort Hotel,1,84,2015,August,32,8,2,5,2,0.0,0,BB,PRT,Online TA,TA/TO,0,0,0,A,A,0,No Deposit,240.0,0.0,0,Transient,134.0,0,2,Canceled,2015-05-16,8,2015-08-08,7,2.0,0,1,0,67.0,31-90 days,4-7 nights,couple
978,Resort Hotel,1,106,2015,August,32,8,2,5,2,0.0,0,HB,PRT,Offline TA/TO,TA/TO,0,0,0,A,A,0,No Deposit,171.0,0.0,0,Transient,119.7,0,1,Canceled,2015-08-08,8,2015-08-08,7,2.0,0,1,0,59.85,91-180 days,4-7 nights,couple
979,Resort Hotel,0,136,2015,August,32,8,2,5,2,0.0,0,BB,IRL,Offline TA/TO,TA/TO,0,0,0,A,A,0,No Deposit,156.0,0.0,0,Contract,90.95,0,1,Check-Out,2015-08-15,8,2015-08-08,7,2.0,0,1,0,45.475,91-180 days,4-7 nights,couple
980,Resort Hotel,0,98,2015,August,32,8,2,5,2,0.0,0,HB,PRT,Offline TA/TO,TA/TO,0,0,0,A,A,0,No Deposit,127.0,0.0,0,Transient,138.0,0,0,Check-Out,2015-08-15,8,2015-08-08,7,2.0,0,1,0,69.0,91-180 days,4-7 nights,couple
981,Resort Hotel,1,91,2015,August,32,8,2,5,2,0.0,0,BB,PRT,Online TA,TA/TO,0,0,0,A,A,0,No Deposit,240.0,0.0,0,Transient,134.0,0,1,Canceled,2015-05-14,8,2015-08-08,7,2.0,0,1,0,67.0,91-180 days,4-7 nights,couple
982,Resort Hotel,1,58,2015,August,32,8,2,6,1,0.0,0,BB,PRT,Direct,Direct,0,0,0,E,E,1,No Deposit,250.0,0.0,0,Transient,173.0,0,0,Canceled,2015-07-20,8,2015-08-08,8,1.0,0,1,0,173.0,31-90 days,8-14 nights,solo
983,Resort Hotel,0,61,2015,August,32,8,4,9,2,0.0,0,BB,FRA,Online TA,TA/TO,0,0,0,D,D,0,No Deposit,240.0,0.0,0,Transient,165.69,1,0,Check-Out,2015-08-21,8,2015-08-08,13,2.0,0,1,0,82.845,31-90 days,8-14 nights,couple
984,Resort Hotel,0,0,2015,August,33,9,1,0,2,0.0,0,BB,PRT,Direct,Direct,0,0,0,G,G,0,No Deposit,0.0,0.0,0,Transient,195.0,0,0,Check-Out,2015-08-10,8,2015-08-09,1,2.0,0,0,0,97.5,0-7 days,0-1 nights,couple
985,Resort Hotel,0,5,2015,August,33,9,1,0,2,0.0,0,BB,PRT,Online TA,TA/TO,0,0,0,A,E,0,No Deposit,306.0,0.0,0,Transient,127.31,0,0,Check-Out,2015-08-10,8,2015-08-09,1,2.0,0,1,0,63.655,0-7 days,0-1 nights,couple
986,Resort Hotel,0,2,2015,August,33,9,1,0,2,0.0,0,BB,PRT,Online TA,TA/TO,0,0,0,D,D,0,No Deposit,240.0,0.0,0,Transient,134.0,0,1,Check-Out,2015-08-10,8,2015-08-09,1,2.0,0,1,0,67.0,0-7 days,0-1 nights,couple
987,Resort Hotel,1,9,2015,August,33,9,2,0,2,1.0,0,BB,PRT,Direct,Direct,0,0,0,D,D,0,No Deposit,250.0,0.0,0,Transient,207.0,0,2,Canceled,2015-08-01,8,2015-08-09,2,3.0,1,1,0,69.0,8-30 days,2-3 nights,family
988,Resort Hotel,1,10,2015,August,33,9,2,0,2,0.0,0,BB,PRT,Online TA,TA/TO,0,0,0,E,E,0,No Deposit,240.0,0.0,0,Transient,211.5,0,1,Canceled,2015-07-30,8,2015-08-09,2,2.0,0,1,0,105.75,8-30 days,2-3 nights,couple
989,Resort Hotel,0,62,2015,August,33,9,2,1,2,0.0,0,BB,FRA,Online TA,TA/TO,0,0,0,E,F,1,No Deposit,240.0,0.0,0,Transient,210.33,1,2,Check-Out,2015-08-12,8,2015-08-09,3,2.0,0,1,0,105.165,31-90 days,2-3 nights,couple
990,Resort Hotel,0,34,2015,August,33,9,2,2,2,0.0,0,BB,USA,Online TA,TA/TO,0,0,0,D,D,0,No Deposit,240.0,0.0,0,Transient,211.0,0,1,Check-Out,2015-08-13,8,2015-08-09,4,2.0,0,1,0,105.5,31-90 days,4-7 nights,couple
991,Resort Hotel,0,82,2015,August,33,9,2,2,2,0.0,0,BB,CN,Online TA,TA/TO,0,0,0,D,D,0,No Deposit,240.0,0.0,0,Transient,154.0,0,0,Check-Out,2015-08-13,8,2015-08-09,4,2.0,0,1,0,77.0,31-90 days,4-7 nights,couple
992,Resort Hotel,1,65,2015,August,33,9,2,3,2,0.0,0,BB,PRT,Online TA,TA/TO,0,0,0,A,A,0,No Deposit,240.0,0.0,0,Transient,145.4,0,0,Canceled,2015-06-22,8,2015-08-09,5,2.0,0,1,0,72.7,31-90 days,4-7 nights,couple
993,Resort Hotel,1,129,2015,August,33,9,2,3,1,0.0,0,BB,PRT,Online TA,TA/TO,0,0,0,A,A,0,No Deposit,240.0,0.0,0,Transient,101.25,0,0,Canceled,2015-04-06,8,2015-08-09,5,1.0,0,1,0,101.25,91-180 days,4-7 nights,solo
994,Resort Hotel,0,55,2015,August,33,9,2,4,2,0.0,0,HB,MEX,Online TA,TA/TO,0,0,0,D,D,0,No Deposit,242.0,0.0,0,Transient,179.38,0,0,Check-Out,2015-08-15,8,2015-08-09,6,2.0,0,1,0,89.69,31-90 days,4-7 nights,couple
995,Resort Hotel,1,122,2015,August,33,9,2,4,2,0.0,0,HB,PRT,Online TA,TA/TO,0,0,0,A,A,0,No Deposit,240.0,0.0,0,Transient,166.0,0,2,Canceled,2015-05-27,8,2015-08-09,6,2.0,0,1,0,83.0,91-180 days,4-7 nights,couple
996,Resort Hotel,1,41,2015,August,33,9,2,4,2,0.0,0,BB,PRT,Online TA,TA/TO,0,0,0,E,E,0,No Deposit,240.0,0.0,0,Transient,202.0,0,2,Canceled,2015-07-17,8,2015-08-09,6,2.0,0,1,0,101.0,31-90 days,4-7 nights,couple
997,Resort Hotel,1,41,2015,August,33,9,2,4,2,0.0,0,BB,PRT,Online TA,TA/TO,0,0,0,A,A,0,No Deposit,240.0,0.0,0,Transient,172.0,0,2,Canceled,2015-07-17,8,2015-08-09,6,2.0,0,1,0,86.0,31-90 days,4-7 nights,couple
998,Resort Hotel,0,81,2015,August,33,9,2,4,2,1.0,1,FB,ESP,Direct,Direct,0,0,0,C,C,0,No Deposit,250.0,0.0,0,Transient,277.0,1,1,Check-Out,2015-08-15,8,2015-08-09,6,4.0,1,1,0,69.25,31-90 days,4-7 nights,family
999,Resort Hotel,0,59,2015,August,33,9,2,5,2,0.0,0,BB,GBR,Offline TA/TO,TA/TO,0,0,0,A,A,0,No Deposit,243.0,0.0,0,Transient,104.0,0,0,Check-Out,2015-08-16,8,2015-08-09,7,2.0,0,1,0,52.0,31-90 days,4-7 nights,couple
